,name,hall_vibe,catering,parking_facility,transport_access,bridal_room,guest_flow,pricing_detail,service_etc,disadvantage,in_guarantee
0,신사 더컨벤션 단독홀,"꽉찬 육각형 홀과 어두운 홀에 높은 층고, 신식 건물로 외관이 고급스러움","16만원, 후기가 좋음",건물 내 주차 가능,신사역 도보 5분,신부대기실에서 웨딩홀로 바로 입장,하객 동선이 복잡할 가능성 있음,"1650만원, 모든 비용 일체 포함 전문 사회자 포함",당일 계약으로 혼주 식사가 무료(타사와 차이 없음),"높은 견적, 좁은 로비로 하객 동선 복잡함",200
1,반포 더컨벤션 단독홀,"어두운 홀, 단독홀, 신부 대기실 넓고 예쁨","11만원, 맛있기로 유명함",외부 주차장 이용 시 셔틀 타거나 도보 10분 필요,엘리베이터 내리면 직관적으로 홀과 신부 대기실이 보임,신부 대기실에서 입장이 아닌 로비 입장,연회장 이동 동선이 복잡함,"1100만원, 강남에서 고가에 속하지 않음",None,"연회장 이동 동선 불편, 약간 노후화된 외관",200
2,서울 웨스틴 파르나스 호텔 - 아틀라스 홀,"5성급 호텔, 층고가 낮은 홀, 전체적인 분위기와 플라워 디자인이 중요함","18만5천원, 대관료 220만원, 다양한 할인 혜택 포함",하객 무료주차 4시간,코엑스와 가까워 대중교통 접근성 좋음,신부대기실 플라워 디자인 자유롭게 결정 가능,"복잡하지 않음, ㄱ자 입장이 아닌 1자로 입장",할인으로 비용 부담 덜어짐,"다양한 서비스 제공, 샵에서 픽업 서비스",층고가 낮고 같은 층에 다른 웨딩홀이 있음,120
3,선릉 상록 아트홀,"어두운 홀 중에서 크고 넓음, 홀은 예쁨","식대 9.5만원, 뷔페식으로 top tier",None,"선릉역 도보 5분, 셔틀버스 수시 운행",None,로비가 좁아 하객 동선 복잡할 수 있음,"토요일 950만원, 일요일 850만원, 정찰제 느낌 강함",음향이 굉장히 좋음,"공무원 할인 외에 할인이 없음, 신부가 덜 주목받는 버진로드",250 (토요일 기준)
4,서울 강남 셀럽 엔 어셈,"무난한 분위기, 밝은 홀과 어두운 홀 모두 사용 가능, 생화 장식이 예쁨","97,000원, 음식 맛있음",None,None,None,"로비가 넓어 하객 붐비지 않음, 층고는 낮아 답답함","10월 10일: 30,765,000원, 10월 11일: 29,765,000원","친절한 안내, 음식 극찬","측면에서 입장해야 하는 점, 생화 향기가 강해 머리가 아팠음",250
5,강서 더퍼스트클래스파티,화이트 대리석 인테리어로 깔끔하고 통창이 있어 채광이 좋음,"성인 61,000원, 웨딩패키지 170만원, 음식이 깔끔하고 맛있어 보임","넓은 지하주차장, 주차장에서 식장까지 편하게 이동 가능",일산과 가까워 접근성이 좋음,None,홀 앞에 뷔페가 있어 하객들이 편리하게 이용 가능,None,"친절하고 자세한 상담, 계약 절차가 간편함","음료, 주류, 몇 가지 음식이 복도로 가야 하여 하객들에게 미리 안내 필요",60
6,천안 비렌티,"밝은 홀과 높은 층고, 넓은 공간","정가 식대 69,000원, 할인가 53,000~57,000원",1700대 수용 가능한 넓은 주차장,"천안터미널과 두정역에서 셔틀버스 운행, 자차 이용 시 천안 IC와 근접",신부대기실이 가장 큰 홀,하객 동선이 자유롭고 편리함,"대관료 5,900,000원, 합리적인 가격으로 느껴짐","상담 직원이 친절하고 상세하게 설명해줌, 상담 당일 할인 및 현장 할인 혜택 제공",대중교통 접근성이 좋지 않음,150
7,삼성 노블발렌티,"클래식한 채플홀, 고급스러움, 적당한 밝기, 층고 높음","10만원, 비수기 가격에 낮은 견적","내부와 외부 주차 가능, 직원들이 잘 관리","봉은사역 도보 6-7분, 지방 하객 편리",None,"여유로운 식 간격, 복잡하지 않음","대관료 1300만원, 비수기 가격으로 낮아짐","친절하고 전문적인 상담, 웨딩홀 상담 중 최고","코스요리로 인한 걱정, 하지만 맛있다는 후기가 많음",250
8,영등포 더베르G (더베르지),"넓고 깨끗한 단독홀, 생화 가득한 웨딩홀 분위기","11만원, 대관료 600만원, 플라워 디렉팅 1000만원","넓은 주차장, 주차 문제 없음","영등포 구청(2, 5호선) 및 영등포 시장(5호선) 도보 가능, 셔틀버스 운영",신부 대기실과 통로가 넓고 깨끗함,"하객 동선 간결, 단독홀로 겹치지 않음","대관료 600만원, 식대 11만원, 합리적 가격","직원 친절, 전문성 높음, 홀 투어 시 충분한 시간 제공",여름철 꽃 관리 및 에어컨 온도 제한 우려,200
9,dmc타워웨딩 펠리체홀,"차분하고 안정적인 분위기, 신뢰감 있는 상담","정가식대 88,000원, 대관료 1,700만원",None,대중교통 접근성이 좋음,None,None,"가격대가 예상보다 높음, 그러나 항목별 설명이 명확함","상담이 편하고 신뢰감이 높음, 운영 방식에 대한 설명이 좋음","가격대가 높고, 예식 당일 분주할 가능성",200
10,보타닉파크 > 카라홀,"밝고 고급스러운 분위기, 채광이 좋고 생화 장식이 풍성함",식대 7.6만원,None,None,신랑·신부 대기실과 혼주 공간이 한 층에 잘 정리되어 있어 편리함,예식 시간대가 겹칠 경우 동선이 복잡할 수 있음,"대관료 650만원, 합리적인 가격",None,인기 있는 웨딩홀로 날짜와 시간대 선택 폭이 좁음,200
11,평택·안성 라오 웨딩홀,"깔끔하고 정돈된 분위기, 단독홀 구조로 여유 있는 예식 가능","식대 56,000원, 최소 보증인원 100명",None,None,None,동선이 단순하고 헷갈리지 않음,"패키지 스튜디오 60만원, 드레스 80만원 + 추가비용","관리가 잘 되어 있는 건물, 예식에 집중하기 좋은 구조",None,200
12,수원 라 뷔 포레,"분위기가 마음에 드는 밝고 시원한 홀, 리모델링 예정","750, 음식이 맛있기로 평이 좋음",넉넉한 주차 공간,None,신부와 가족 동선이 겹치지 않는 보조 대기실 마련,하객 동선이 겹치지 않아 쾌적한 식사 가능,"7.5, 합리적인 가격으로 보임","1층 카페와 넉넉한 대기 공간 제공, 별도의 스튜디오 있음",조감도만 보고 계약하여 실제 모습에 대한 걱정,150
13,월드컵컨벤션,"이쁜 홀, 충분한 거리로 나눠져 있어 북적이지 않음, 천장에 크리스탈 장식이 있어 사진이 잘 나올 것 같음","식대 750만원, 대관료 8.5만원, 할인가 식대 450만원, 대관료 6.5만원",None,None,혼주 한복을 내부에서 해결하고 싶었으나 외부 업체 이용,넓은 대기 공간으로 복잡하지 않음,견적 나쁘지 않음,"혼주석이 따로 룸으로 분리되어 있음, 뷔페 퀄리티 좋음",혼주분들이 편하게 내부 업체에서 준비할 수 없었던 점,200-250명
14,부천 소풍컨벤션,"정원 느낌의 밝은 홀, 예쁜 분위기","식대 65,000원, 뷔페 맛있다는 후기 다수","주차장 진출입이 오래 걸림, 3000대 주차 가능","버스터미널과 가까워 지방 하객 접근 용이, 대중교통 이용 추천",None,None,"대관료 500만원, 엠제이에 비해 저렴한 견적","상담해주신 실장님 친절, 홀 패키지 고민 중",주차장 진입로가 1차로로 진입에 시간이 걸림,150
15,삼성 더베일리하우스,"밝고 예쁜 채플홀, 규모가 작은 편","음료 포함 118,800원, 대관료 1,100만원",None,삼성역 바로 앞,None,적당한 규모로 북적북적한 분위기,"합리적인 가격, 당일 계약 시 큰 폭의 할인 및 본식 사진 무료 제공","프로듀서가 플래너 역할을 해주며, 제휴된 스드메 업체들이 신뢰감 있음",규모가 작아 300-400명 하객에는 어려움,200
16,삼성 노블발렌티,"차분하면서도 고급스러운 분위기, 천고가 높은 채플홀",비공개,None,편리한 교통,None,동선이 깔끔하고 하객 이동이 편리함,비공개,"친절한 상담, 신뢰가는 예식장",특별히 아쉬운 점 없음,250
17,영등포 더컨벤션,어두운 홀에 화이트그린 계열 꽃장식이 풍성하고 생화비율이 높음,"11만원, 음식에 대한 평이 좋음",공영주차장이 있지만 주말 점심대에는 붐빌 것 같음,2호선과 5호선 근처에 있어 접근성이 좋음,신부대기실이 바로 옆에 있어 손님들이 찾기 편리함,엘리베이터가 2개밖에 없어 하객 이용에 불편할 수 있음,"1,040만원",혼주 메이크업과 한복이 같은 건물에서 이용 가능,"엘리베이터 수 부족, 주차 공간 붐빔 우려",None
18,수원 더마레보호텔&웨딩,"층고가 높고 화이트톤의 세련된 홀, 통창으로 밝은 분위기",개인적으로 퀄리티 대비 가격대가 만족스러움,None,None,"신부대기실은 꼭대기에 위치, 생화로 꾸며져 기대감이 큼",로비가 작지만 하객들이 홀 안에서 대기하므로 큰 문제 없음,"공유불가, 하지만 만족스러운 가격대","친절한 상담과 따뜻한 차 제공, 디테일한 웨딩 서비스","화환을 받을 수 없음, 화환 중요 시 사전 안내 필요",200
19,용인시 기흥구 ICT밸리컨벤션,"단독홀, 깔끔하고 넓은 주차장, 편리한 입구","6만8천원, 맛있다는 후기가 많음","1300대 이상 주차 가능, 주차 무료","수원신갈 IC와 가까워 자차 접근성 좋음, 역 근처 셔틀 운행",신부대기실 깔끔하고 서브대기실 이쁨,복잡하지 않음,"대관료 650만원, 가격 저렴함","친절한 직원, 체계적인 서비스","신부대기실 화장실 없음, 연회장이 다른 층에 있어 복잡할까 걱정",200
20,송파 라비니움,밝은 홀,맛있다고 유명함,"최대 150대 주차 가능, 공영주차장 3,000대 주차 가능",교통이 편리함,None,None,비공개,None,홀 주차장이 부족하여 공영주차장 활용 필요,300
21,경기장 그랜드오스티엄 cmcc홀,"밝고 넓은 홀, 스포트라이트 조명이 푸르딩딩함","대관료 600만원, 식대 6.6만원",None,경기장에 위치하여 하객들이 차를 끌고 오기 편리함,신부대기실이 작고 소파가 촌스러움,축의대 동선이 맘에 안듦,"대관료 150만원, 식대 5.3만원으로 합리적",상담이 친절하고 웨딩홀 장점에 대해 상세히 설명해줌,신부대기실이 작고 조명이 창백해 보임,200
22,신도림 더링크 호텔,"높은 층고와 화려한 장식, 어두운 홀과 밝은 홀의 차별화된 분위기","15만원(주류 포함), 2500만원","협소한 주차장, 외부 주차장 있음","신도림역에서 도보 10분, 셔틀버스 이용 가능",적절한 크기와 예쁜 꽃장식,220~230명 착석 시 혼잡할 가능성,"2500만원, 비싼 가격에 대한 우려",None,"협소한 주차장, 비싼 가격, 하객 수에 따른 혼잡 우려",250
23,부천 소풍컨벤션웨딩>라온제나홀,어두운 편의 홀,"식대 75,000원, 대관료 7,500,000원 (연출 포함)",주차장 여유로움,None,None,엘리베이터 여유로워 손님 불편 없음,None,스드메 패키지 퀄리티 좋고 가격 괜찮음,밝은 홀 대신 어두운 홀 예약으로 아쉬움,300
24,여의도 더파티움 그랜드컨벤션홀,"넓고 밝은 홀, 천장이 약간 휑한 느낌","121,000원, 한상차림으로 맛있다는 후기",넉넉한 주차공간,None,None,넓어서 300명 수용 가능,대관료 715만원 + 760만원(꽃장식),대형 스크린에서 신랑과 신부가 모두 주인공이 될 수 있음,천장 쪽이 휑한 느낌,300
25,여의도 글래드,"전형적인 호텔 웨딩홀 느낌, 깔끔하고 단정한 분위기, 조명이 잘 들어와 고급스러움","95,000원, 코스요리 구성 아쉬움","호텔 지하주차장 3시간 기준, 주차 공간 여유 있음, 지방 하객은 인근 KBS홀 주차장 이용","9호선 국회의사당역 바로 앞, 대중교통 접근성 좋음",None,"하객 동선 편리, 주변에 IFC몰과 한강공원 있어 좋음","1,200만원, 꽃 900 + 대관료 200 + 기타",None,"지하 위치로 답답함, 부모님 불호, 식사 양 부족할 수 있음",200
26,부천 단독홀,"넓은 신부대기실과 대기로비, 고급스러운 분위기","6만5천원, 가성비 최고","400대 주차 가능, 혼잡할 가능성 있음","부천역 바로 앞, 대중교통 편리","넓고 깔끔한 신부대기실, 화장실과 가까움","약간 북적거림, 소란스러울 수 있음","700만원, 홀패키지로 총합 1350만원, 가성비 좋음","드레스룸 깔끔, 헬퍼가 배테랑처럼 느껴짐",주차 혼잡 예상,150~200
27,선릉 아펠가모,차분하면서도 화사한 느낌,"식대 7만원대, 음식이 깔끔하고 다양함",주차장 출입구가 좁음,2호선 및 분당선 이용이 편리함,None,None,대관 700만원대,None,주차장 출입구가 좁음,250
28,강서 루이비스 컨벤션,"밝은 홀, 시선이 분산되는 분위기",식대 8.8만원,None,가양역 근처,None,None,"대관료 1,200만원",None,조감도대로 나오지 않을까 걱정,200
29,서울역 인근 아벤티움,"과하지 않고 깔끔한 분위기, 단독홀로 여유롭고 프라이빗한 느낌","85,000원, 가성비 좋음",None,None,넓고 쾌적하며 고급스러운 혼주대기실,"하객 동선이 짧고 직관적, 스트레스 없음","800만원, 추가금 거의 없음","기본 예식에 필요한 구성 대부분 포함, 신뢰할 수 있는 상담 과정",None,200
30,라시따시어터,"웅장함이 느껴지는 천고, 아기자기한 로비","11만원, 음식 종류 다양하고 디저트 아름다움",주차 공간 널널,"양재에서 셔틀 운영, 고속도로 출구 근처",생화와 채광이 잘 어우러진 예쁜 신부대기실,None,"1,600만원, 예산 초과로 계약하지 않음",상담 시 친절한 설명 제공,고속도로 출구에서의 교통 체증으로 상담에 지장,250
31,선릉 아펠가모,"단독홀, 조명으로 제어된 적당한 밝기","식대 10만원, 식사 퀄리티 괜찮음",웨딩홀에서만 사용하는 주차장으로 여유로움,선릉역 4번 출구에서 도보 5분,"생화 장식, 신부 화장실 별도, 입구가 복도식으로 혼잡할 수 있음",혼잡할 가능성 있음,"대관료 1,000만원, 투명한 가격 정책",전문 사회자와 식전 축가 지원,신부 대기실 입구가 복도식으로 혼잡 예상,230
32,인천 그레이스 파티,"화려하고 고급스러운 분위기, 단독홀로 여유로운 예식 가능",8만원,"주차 공간 잘 마련되어 있고, 주차 동선 단순","인천 지역에 위치, 자차 및 대중교통 접근성 좋음",None,하객 이동이 편리함,"대관료 90만원, 합리적인 가격","친절하고 자세한 상담, 내부 연계 시설(한복집, 혼주 메이크업샵)",예식 시간이 늦어 마지막 타임일까봐 걱정됨,200
33,강남 상록아트홀,"복층 구조로 긴 버진로드, 분위기 좋음","9,200원, 맛있는 식사가 유명함","넓고 편리한 주차, 친절한 주차 안내",None,None,"대부분의 하객이 서서 보는 구조, 어르신들에게 불편할 수 있음","대관료 920만원, 정찰제",주차 안내 직원들이 친절함,"신부가 계단을 오르내리는 버진로드로 드레스가 밟힐 우려, 좌석 수 적음",None
34,브라이튼하우스,밝은 홀 분위기,"정가 9.5만원, 할인가 8.5만원, 꽃 770, 대관료 및 디렉팅비 800/400",발렛 서비스 제공,None,단독 예식으로 하객 불편 없음,원활할 것으로 예상,합리적인 가격으로 보임,None,"홀에 있는 꽃이 싱싱하지 않을까 걱정, 음식 미리 먹어보지 못함, 입장 길에 의자 문제",100
35,기흥 ICT밸리컨벤션,"높은 층고(13m)와 개방감 있는 로비, 어두운 홀에 화려한 샹들리에와 긴 버진로드(28m)","식사 68,000원, 찹쌀 탕수육 맛집, 와인 디스펜서 있음","1,300대 주차 가능, 주말 무료 주차","수인분당선 기흥역에서 셔틀버스 운행, 신갈 IC 근처","신부대기실은 하얀 배경과 꽃으로 둘러싸인 의자, 깔끔하고 예쁨","동선이 좋고, 축의금 접수대가 편리함","대관료 650만원, 가격에 대한 언급은 없음",상담 담당자들이 꼼꼼하고 세심하게 설명해줌,신부대기실 내 화장실 없음,200
36,잠실 아펠가모,"무난하고 튀지 않는 분위기, 단독홀에 2층 위치","10만원, 밥이 맛있기로 유명함",주차장 입구가 좁음,None,None,"하객 입장 편리, 엘리베이터 4대 있음","1000만원, 금액대가 합리적",예약 상담 친절하고 자세한 설명,주차가 불편할 수 있음,250
37,남산뜰,"프라이빗한 결혼식 느낌의 야외 예식홀, 루프탑이 매력적","기본 식대 78,000원, 현대그린푸드 코스 및 뷔페 가능","용산구청 주차장 이용, 100-150대 주차 가능, 발렛 서비스 제공",해방촌에서 조금 올라가야 입장,None,None,"대관료 550만원, 당일 현장 계약 할인 100만원",디렉터와의 소통이 원활하고 요청 사항을 잘 반영,주차 문제에 대한 걱정,250
38,호텔 나루,"5성급 호텔, 깔끔하고 정돈된 느낌, 층고가 낮고 버진 로드가 ‘ㄱ자’로 꺾여 있음","정가 식대 14만원, 대관료 2000만원, 할인가 식대 10.5만원, 대관료 700만원",모든 하객 발렛 무료,None,None,200명 이상일 경우 별도의 공간 사용 필요,"대관료 2000만원, 꽃장식 1300만원, 추가금액 발생",유명한 플뢰르 오꾸엥 플라워 디렉팅 가능,200명 초과 시 별관 사용으로 인한 하객 배치 문제,250
39,선릉 아펠가모,None,"맛있는 뷔페, 강남권에서 가격대비 우수",None,선릉역 도보로 가까움,None,None,None,None,None,230
40,엘타워 그랜드홀,"높은 층고와 긴 버진로드, 클래식하고 예쁜 홀","정가식대 14만원, 잔치국수 5000원, 와인 7.7만원, 대관료 660만원 + 꽃장식 800만원",주차 공간 넓고 편리함,None,예쁜 신부대기실,None,"96500원, 합리적인 금액으로 풍성한 연출","식사 퀄리티가 좋음, 오르간 연주 필수","오르간 곡 선택이 한정적, 신랑 신부 입장곡 아쉬움",250
41,수원 파티움하우스,"밝고 화사한 하우스웨딩홀 느낌, 넓고 깔끔한 로비","대관료 700만원, 식대 72,000원, 시그니처 음식은 연어 스테이크",동시주차 1000대 가능,수원시청역에서 가까움,"화사하고 밝은 신부대기실, 큰 거울과 브라이덜샤워 테이블 구비",동선이 편리하고 복잡하지 않음,"대관료 400만원, 식대 67,000원으로 합리적",모든 부대시설이 잘 갖춰져 있어 편리함,주차가 복잡할 수 있다는 걱정이 있었으나 주차요원이 상주하여 수월하게 주차 가능,None
42,라루체>아이리스홀,"특별한 입퇴장 시 천장이 열리는 홀, 신부 대기실이 크고 예쁨","정가 식대 107,000원, 할인가 82,000원, 맛있다는 후기가 있음","같은 건물 주차는 제한적, 근처 주차장 이용 가능",None,신부 대기실과 혼주용 탈의실이 넓고 깔끔함,None,"대관료 1,500만원, 식대가 다소 비쌈",폐백실이 따로 마련되어 있어 폐백 한복 착용 후 사진 촬영 가능,주차 공간이 부족하고 식대가 비쌈,150
43,강남 토브헤세드,"밝고 감성적인 분위기, 하우스웨딩 콘셉트, 자연광과 플라워 연출이 어우러짐","정가 식대 91,000원, 할인가 식대 66,000원, 음주류 7,000원, 총 합계 18,350,000원",None,"학동역 근처, 대중교통 접근성 괜찮음","계단 이용, 어르신들께 불편할 수 있음",입구와 로비 공간이 좁아 대기 공간 부족,"3시간 대관, 1부, 2부로 나눠 진행 가능","실장님의 음식 조리에 대한 자신감, 직접 조리하는 뷔페","입구와 로비가 좁고, 버진로드 길이가 짧음, 음식 냄새가 먼저 느껴짐, 뷔페 공간이 좁음",250
44,인천 엘마리노,"밝은 홀, 단독홀, 층고 18M, 버진로드 35M","대인 9만원, 소인 4만원, 프로모션 진행 중",None,None,신부대기실 3~40평대,None,"홀 패키지 3~400만원대, 만족스러움",플래너 없이 준비 가능,공사 중이라 현재 모습 확인 불가,200
45,더세인트,None,"78,000원",None,None,None,None,"대관료 889만원, 식대 78,000원",None,None,200
46,인천 그랜드오스티엄 cmcc홀,"층고가 높고 사진 잘 나오는 홀, 부드럽고 예쁜 분위기","대관료 650만원, 식대 6만5천원","주차 4,000대 이상 가능, 3시간 무료주차 제공",문학경기장역과 가까워 대중교통 접근성 편리,신부대기실과 홀 연결이 간편하고 보조 신부대기실 마련,동선이 간단하고 편리하여 하객들이 길 잃을 걱정 없음,"대관료 270만원, 식대 5만9천원으로 합리적",친절한 직원의 안내로 편안한 상담 분위기,None,250
47,안산 빌라드지디,밝고 고급스러운 분위기,7만원,None,None,None,None,"대관료 645만원, 식대 7만원",None,None,100
48,광명>아이벡스컨벤션,"고급스럽고 어두운 분위기, 높은 층고와 웅장한 느낌","식대 11만원, 뷔페 맛이 좋음","3,200대 주차 가능",KTX광명역 도보 2분,신부대기실 층고가 높고 화이트 톤,None,"대관료 1,500만원",상담 시 세세한 설명으로 신뢰감 제공,실물을 보지 못하고 계약해야 한다는 점이 걱정됨,None
49,신도림 웨딩시티,"넓은 로비와 연회장, 층고가 높은 비쥬얼 홀","대관료 800만원, 식대 63,000원",None,None,None,이동에 어려움이 있을 수 있음,"대관료 600만원, 식대 58,000원, 가격 메리트가 큼",꽃향과 디퓨저 향이 좋음,"보증인원 300명, 하객이 다 채워지지 않을 경우 비어보일 우려, 연회장 이동 불편",300
50,강남구 셀럽엔어샘,"어두운 조명 조절 가능, 넓은 신부 대기실","뷔페, 대게찜과 스테이크 포함, 맛이 괜찮음",주차 편리,None,넓어서 하객들과 작가들이 사진 찍기에도 불편함 없음,동선이 맘에 듦,"조건 좋은 웨딩홀, 강남구 거주민/직장인 할인 있음","이솔 과장님이 꼼꼼히 설명, 여유 있는 상담",None,None
51,dmc 타워웨딩,None,"78,000원",None,None,None,None,"대관료 1,100만원, 변동 가능성 있음",None,None,200
52,안양 더파티움,None,6.5만원,None,None,None,None,"대관료 570만원, 인원과 견적 변동 가능",None,None,200
53,청담 더채플앳,None,"77,000원",None,None,None,None,"대관료 592만원, 인원과 견적 변동 가능",None,None,200
54,인천 그레이스파티,"어두운 홀에 화려한 조명과 높은 층고, 세련된 분위기","정가 식대 9만원, 할인 식대 7.7만원",None,"부평역 근처, 대중교통 접근 용이",None,동선이 괜찮음,"정가 대관료 800만원, 할인 대관료 670만원",무제한 와인과 생맥주 제공,None,None
55,송도 라마다 신의정원홀,"화이트톤으로 밝고 청순한 이미지, 원형 테이블과 파스텔톤 꽃 장식으로 여리여리함 극대화","대관료 400만원, 식대 6만원","후문으로 입장 가능, 무료주차","동춘역 도보권, 셔틀버스 있음","넉넉한 소파 자리, 채광과 조명 균형이 좋음, 대기실 앞 동선 깔끔",하객 동선 편리함,"대관료 280만원, 식대 5만6천원",상담 실장님이 명확하고 세세한 설명 제공,None,250
56,강서 루이비스,"층고가 높고 통창이 있는 밝은 홀, 노후화된 건물","88천원, 저렴한 견적",주차장이 좁고 대절버스 주차 공간 부족,역에서 도보 7분,None,복잡할 가능성 있음,"1200만원, 저렴한 견적",None,"단독건물이 아님, 노후화된 건물, 주차 공간 부족",250
57,건대입구 까사그랑데 센트로,"층고가 높고 환한 분위기, 기둥이 있어 답답함이 느껴질 수 있음","대관료 1430만원, 식대 11만원",None,건대입구역 도보 5분,None,엘리베이터가 2대밖에 없어 붐빌 가능성 있음,"1100만원, 성수기 & 피크타임으로 비쌈","연회장을 에스컬레이터로 이동 가능, 하객이 겹치지 않도록 층 분리",엘리베이터 수 부족으로 인한 혼잡,250
58,강남 브라이튼 하우스,"깔끔하고 환한 예식장, 온실 같은 분위기","식대 89,000원, 후기가 좋음",None,"양재시민의 숲에서 접근 가능, 지방 손님들도 광역버스로 편리",None,None,"대관료 500만원, 디렉션 300만원, 플라워 770만원","직원 친절, 단독홀 3시간 이용 가능","식사가 잘 제공되었으면 좋겠고, 낮타임에 식전영상이 잘 안보일까 걱정",180
59,비렌티 웨딩홀,"깔끔하고 밝은 분위기, 세련된 인테리어","다양한 뷔페 음식, 맛 좋음, 시식으로 걱정 덜 수 있음",넓은 주차 공간,"위치 좋음, 지인들이 찾아오기 편리함",None,손님들이 여유롭게 식사 가능,다양한 패키지와 옵션 제공,"친절한 직원, 웨딩 플래너가 준비 과정 체크",None,None
60,안양 빌라드지디 크리스탈캐슬홀,"밝고 화사한 공주 느낌의 넓은 홀, 조명과 조도가 잘 조화됨","정가 식대 9.2만원, 할인가 식대 7만원, 뷔페형태","발렛 가능, 주차장 셔틀 자주 운행","인덕원역에서 셔틀버스 10분 간격, 대중교통 이용 시 불편함",신부대기실이 예쁘고 전용 화장실 있음,하객 동선이 겹치지 않음,"대관료 1800만원, 할인가 805만원",상담이 편리하고 의사소통이 원활함,대중교통 접근이 불편함,200
61,서울 라움아트센터 폰드가든,유럽 고성 분위기를 느낄 수 있는 특별한 실내 홀,"정가 식대 124,000원, 할인가 식대 111,600원","내부 주차 300대 가능, 2시간 30분 무료",None,None,None,"대관료 30,000,000원, 플라워 18,000,000원, 타당한 가격으로 생각됨",직원 서비스와 코스 식사가 좋음,"내부에 ATM 없음, 편의점은 가까움",300
62,"인천광역시 미추홀구 주경기장 3,4F 그랜드오스티엄","따뜻한 느낌의 분위기, 층고는 낮음","가격 저렴, 밥이 맛있기로 유명",None,None,따뜻한 느낌,넓어서 하객들이 여유있을 것 같음,"가격 저렴, 비중 80%","친절한 상담, 포토부스와 넓은 축의대",층고가 낮음,200
63,인천 그랜드오스티엄 블리스홀,"단정하고 잔잔한 고급스러움, 캔들과 꽃 장식이 감성적","식대 5만4천원, 하이퀄리티 음식, 혼주석에 스테이크 코스 제공","4천대 이상 주차 가능, 3시간 무료주차",None,"신부대기실과 혼주 헤어메이크업, 한복실이 가까운 위치","동선이 기가막힘, 한 층에서 이동 가능","대관료 180만원, 합리적","친절한 상담, 하객 메세지 서비스, 포토부스 제공",None,250
64,여의도 더파티움,None,"69,900원",None,None,None,None,"대관료 708만원, 식대 69,900원",None,None,200
65,세인트메리엘,None,7만원,None,None,None,None,"대관료 320만원, 변동 가능성 있음",None,None,100
66,인천 그레이스파티,"어두운 홀에 화사하고 고급스러운 느낌, 깔끔한 리뉴얼 로비",None,"주변에 빈 주차 공간 많음, 주차 불편 없음",None,"화사하면서도 과하지 않은 꽃 장식, 풍성하게 꾸며져 있음",하객 동선이 복잡하지 않음,"패키지 상품 없음, 추가 옵션 개별 선택해야 함",직원 친절하게 안내,패키지 상품이 없어 비용 부담이 있음,200
67,삼성 노블발렌티,"깔끔하고 세련된 예식장, 넓은 로비와 고급스러운 인테리어",10만원,None,"강남인근, 교통 편리","신랑, 신부와 혼주들이 편하게 준비할 수 있는 별도 공간 마련",쾌적하고 정신없지 않음,"1300만원, 2시간 동안 통건물 사용",친절한 상담과 세심한 디테일,보증인원 초과 우려,300
68,안산 빌라드지디 볼룸홀,"밝은 이미지, 천장이 보이고 통창 있는 분위기","9만원, 식사에 대한 긍정적인 후기",주차가 빡센 편,고잔역 도보 10분 이내,None,"입장 시 거리 짧음, 호불호 갈림","대관료 1150만원, 경제적 프로모션 할인 적용",네이밍이 유명하여 인지도 높음,"대관료가 비쌈, 인기 있어 예약이 어려움",150
69,서울역 마렌지9,"천장 층고가 높은 단독홀, 웜톤 분위기","대관료 900만원, 식대 8.8만원",None,서울역에서 환승 없이 접근 가능,2층 계단에서 신부가 내려오는 모습이 예쁨,None,"대관료 700만원, 식대 7.9만원으로 합리적",재즈 3중주 연주로 신부에게 집중되는 장점,"핑크색 카페트, 작은 연회장, 보수공사 진행 중",250
70,백석 더테라스 단독홀,"밝은 홀, 야외 느낌과 개방감 최고",식사 퀄리티 아주 좋음,주차 자리 많음,"백석역&터미널 근처, 접근성 미쳐버림",None,None,야외예식 가격 비쌈,상담 해주시는 분이 자신있게 맛있다고 하심,야외예식 날씨 걱정해야 함,None
71,강남 엘리에나호텔 그랜드볼룸,탁트인 어두운 홀에서 밝은 홀로 변하는 매력적인 분위기,"정가 식대 138,000원, 할인가 식대 92,000원, 식사 맛있다는 평 많음","강남권 주차 걱정, 예식 때 붐빌 가능성 있음",None,None,동시예식으로 2층 구조에서 2층 먼저 식사 가능,"대관료 15,000,000원, 할인가 대관료 9,000,000원","본식 스냅 기본 포함, 원하는 업체와의 취소 가능","주차 문제, 예식 때 붐빌 가능성",300
72,공덕 아펠가모(라로브홀),"밝고 따뜻한 분위기의 아치형 홀, 층고가 높음","대인 100,000원, 소인 39,600원","주차공간 200대, 도보 2분 거리에 추가 주차공간 있음","공덕역 5호선, 6호선, 경의중앙선과 가까움",신부대기실에 보라색 꽃 장식,홀 2개가 분리되어 있어 하객 동선이 복잡하지 않음,"대관료 10,000,000원",상담 시 입장조명으로 예식 분위기 체험 가능,홀 내 주차공간 부족,250
73,더뉴컨벤션웨딩홀,"웅장하고 높은 층고, 기둥 없는 홀","식대 92,000원, 대관료 11,000,000원",주차 편리,None,정원같고 예쁜 신부 대기실,스크린으로 하객들이 편하게 볼 수 있음,"식대 10만원 이하, 대관료 1000만원 이하로 합리적",리모델링 예정으로 시설 개선 기대,신부입장 시 엘리베이터 이용에 대한 걱정,200
74,더세인트 그랜드볼룸 홀,"화려한 꽃장식과 호텔식 예식, 고급스러운 분위기","정가식대 13만원, 동시예식 코스요리 제공",주차 편리함,None,신부가 커튼 뒤에서 등장 가능,동시예식으로 인한 손님 수에 따라 복잡할 수 있음,"대관료 및 연출, 꽃장식 등 2715만원","예약팀 직원의 꼼꼼한 안내, 선식사 제공",동시예식 특성상 보증인원 초과 시 식사 제공 우려,200
75,강남 그랜드힐컨벤션>그랜드볼룸홀,"웅장하고 멋진 밝은 홀, 하얀색 돔 구조로 조명 반사판 역할","정가 식대 99,000원, 할인가 91,800원, 한식코스 포함",None,None,3층 그랜드볼룸 신부대기실,None,"대관료 정가 1,600만원, 할인가 1,360만원","통창에 비쳐지는 탄천 뷰가 멋짐, 신부 드레스와 잘 어울림",개인 취향에 맞지 않아 선택하지 않음,350
76,송도 라마다송도 신의정원,"밝은 홀, 과한 화려함 없이 은근한 고급스러움","5만 중후반, 음료 무료",None,None,None,일부 불편함 (2층으로 이동),대관료 250만원,"상담 시 친절한 안내, 담당자 친절",도장 제공 필요,200
77,송도 직시더그린,차분하고 조용한 스몰웨딩에 특화된 분위기,"1인 약 6만6천원, 대관료 50만원, 최소인원 지불보증 없음","건물 내 지하주차장, 주차 안내 사전 제공",센트럴파크역 2번 출구 바로 앞,신부대기실이 하객들과 자연스럽게 마주칠 수 있는 구조,간결함,"50만원 대관료, 하객수 지불보증 없음",생화플라워장식 및 웨딩디렉팅 상담 가능,하객수가 고정되지 않아 아쉬움,40~60명
78,DMC타워웨딩>펠리체홀,"높은 천장과 통창으로 트인 시야, 밝고 개방감 있는 분위기","정가 식대 88,000원, 후기가 좋음","건물 내 지하주차장 넓음, 인근 공영주차장 이용 가능",디지털미디어시티역 8출구와 연결된 통로로 접근 용이,None,3개의 홀이 2개의 연회장을 나누어 사용하여 복잡할 수 있음,"대관료 16,000,000원, 계약상 공유 불가",직원들이 친절하고 상담이 집중적이었음,"3개의 홀이 위치해 연회장이 복잡해 보임, 고급스러운 분위기 부족 우려",250
79,제이오스티엘,None,"대관료 350만원, 식대 58,000원 (정상가 저렴)","3000대 주차 가능, 5시간 무료 주차",None,None,None,"총 견적 천만원도 안됨, 가성비 좋음","친절한 상담, 세세한 정보 제공",None,150
80,강남 조선팰리스 더 그레이트홀,"호텔 분위기, 플라워 세팅과 S자 버진로드가 아름다움","18만원, 토요일은 20만원",None,홀 찾아오기 까다로움,None,None,"대관료 660만원 포함, 높은 견적",입구에서 맞이해주는 친절한 서비스,"플라워 미팅 시 추가 금액 발생 가능, 높은 견적",200
81,더베르지,None,"69,000원",None,None,None,None,"대관료 600만원, 식대 69,000원",None,None,200
82,부천 세이브존 라비에벨,"넓고 층고가 높은 웅장한 홀, 생화장식으로 향기롭고 탁 트인 로비","식대 72,000원, 대관료 3,900,000원, 생화비 5,000,000원","지하 4층 주차장과 바로 앞 주차장 건물로 1,000대 이상 주차 가능","상동역 바로 앞, 엘리베이터 6대 운영",혼주룸이 따로 있어 편리함,동선이 간결하고 편리함,"할인가 식대 60,000원, 대관료 5,500,000원, 전반적으로 괜찮은 가격","주차관리자 상주, 포토존 및 계절별 꽃 교체 서비스",당일 주차 혼잡 가능성,200
83,대치 더채플앳,None,96800원,None,None,None,None,"대관료 862만원, 식대 96800원",None,None,200
84,삼성 노블발렌티,None,식대 9만원,None,None,None,None,대관료 690만원,None,None,200
85,서초 화이트베일,None,식대 7만원,None,None,None,None,대관료 600만원,None,None,200
86,더베르지,None,"77,000원",None,None,None,None,"대관료 600만원, 변동 가능성 있음",None,None,200
87,신도림 라마다호텔,"밝은 구조물로 웅장한 느낌, 깔끔한 화이트&그린 톤","14만원, 비수기 합리적인 가격",None,None,로비층에 위치하지 않아 하객 방문 어려움,"효율적인 동선, 에스컬레이터 이용 가능","2100만원, 비수기 할인가 1400만원",None,홀 분위기 변화에 대한 걱정,200
88,더링크호텔,"밝고 웅장한 홀, 공주공주한 느낌의 홀도 있음","17만원(주류 포함), 할인가 10.7만원(토), 10.3만원(일)",None,None,층 별로 로비 옆에 위치하여 편리함,None,"대관료 2500만원, 할인가 1750만원(토), 1550만원(일)",None,"모든 층의 구조가 똑같아 특별함이 없음, 공장식 예식장",250
89,올림픽파크텔,"넓은 신부대기실과 1층 단독홀, 예식 시간대가 넉넉함","정가 식대 77,000원, 할인가 65,450원","야외 100-150대, 지하 400대, 하객 3시간 주차 지원",몽촌토성역 도보 10분 거리,신부대기실이 넓음,입장 시 버진로드 초입에 서 있어야 함,"대관료 3,000,000원, 플라워장식 필수 4,500,000원","스위트룸 1박 제공, 상담 친절","스드메 패키지 없음, 보증인원 초과 시 메뉴 추가 불가",200
90,부천 라비에벨 웨딩,"어두운 웅장한 오페라하우스 같은 인테리어, 층고 14미터, 긴 버진로드","대관료 890만원, 식대 72,000원",800대 주차 가능,"상동역 바로 앞, 접근성 최고","넓고 세련된 밝은 대리석, 풍성한 꽃장식",동선 편리하고 여유 있는 공간,"대관료 690만원, 식대 69,000원으로 합리적","가족 원판사진 스튜디오, 신랑 입장문 따로 있음",홀이 여러 개일 경우 하객 섞일 수 있음,300
91,강남 세인트메리엘 메리엘홀,"밝은 홀, 깔끔한 호텔 로비 분위기","정가 식대 98,000원, 음식 맛에 대한 긍정적인 후기 많음",주차가 어려운 점,None,연회장에 혼주룸 따로 있음,None,"대관료 980만원, 예산 내에 들어옴",None,"화견 불가, 주차 어려움",150
92,부천 MJ컨벤션,신축으로 쾌적한 분위기,"65,000원, 맛있고 양이 충분함",넓은 주차장,소사역 1번출구에서 도보로 바로 접근 가능,None,안내 요원들이 있어 동선이 잘 관리됨,"대관료 5,800,000원, 할인가 4,300,000원","혼주 한복대여 및 메이크업 안내, 노래 선곡 도움",교통 체증 우려,200
93,신림 그레이스파티,"웅장한 느낌의 고급스러운 분위기, 층고 9m, 조명과 인테리어가 은은함","정가 식대 8만원, 뷔페 음식 퀄리티 높음, 즉석 조리 제공","자체주차 300대, 외부주차 100대 가능",서울 내에서 교통 여유롭고 주차 편리,"신부대기실 넓고 꽃으로 장식되어 있음, 홀로 바로 입장 가능",None,"대관료 955만원, 할인가 750만원, 지인 소개 이벤트로 추가 할인 가능","상담 친절함, 혼주 부대시설 잘 갖춰짐",비수기 혜택을 놓쳐 아쉬움,None
94,강남 아르베 웨딩,"동화같은 감성의 밝은 홀, 넓은 공간","89,000원, 식사 후기 좋음",None,선정릉역과 언주역 더블 역세권,"러블리한 느낌, 신부 전용 화장실 있음",한 층 동선으로 편리함,"950만원, 합리적인 가격","플라워 장식 풍성, 생화 향 좋음",None,None
95,강남 아르베,"소규모 단독홀, 전체적으로 아늑한 분위기","7.7만원, 뷔페 음식 가짓수 많고 호평",외부 주차 넉넉하게 준비됨,선정릉역&언주역 도보 5분,None,메인계단을 통해 이동해야 하여 동선이 번거로움,"대관료 880만원, 합리적인 가격","2시간 식사시간 제공, 당일 계약","화장실 협소, 계단 사용이 어려운 분들에 대한 걱정",200
96,역삼 GS타워 아모리스홀,"단독 컨벤션형 웨딩홀, 고급스러운 분위기","시그니처 양식 코스 12만원, 비수기 인원 조정 가능",800대 주차 가능,2호선 역삼역 7번 출구와 바로 연결,None,하루에 3번 예식으로 여유로운 동선,"대관료 660만원, 꽃 660만원, 인원 조정 가능",예식 2주 전까지 인원 조정 가능,식대 할인 폭이 넓지 않음,450
97,여의도 웨딩여율리,"생화로 꾸며진 그리너리한 느낌, 고급스러운 로비","대관료 1100만원, 식대 93,000원 (소인 45,000원)",None,9호선과 5호선 지하철역에서 도보 5분,생화향 가득한 신부대기실,하객들이 엘리베이터로 이동해야 하므로 번거로움,"식사로 유명하고 다양한 메뉴 제공, 당일 혜택 좋음",None,"연회장이 다른 층에 있어 이동 번거로움, 웨딩홀이 단독건물이 아님",200
98,여의도 더파티움,"넓고 공간감이 느껴지는 홀, 천고가 높아 답답함 없음","한상차림 + 세미뷔페, 식사 맛있음, 메뉴 구성 알차고 리필 가능","주차공간 넓음, 본관 및 인근 건물 주차 가능","국회의사당역 도보 가능, 접근성 좋음","넉넉한 신부대기실, 가족과 함께 있어도 여유로움","하객 동선 간편, 복잡하지 않음","16,500,000 / 121,000","체계적인 상담, 믿음이 갔음",손님이 적으면 휑할까 걱정됨,250
99,인천 CN웨딩홀 계산점 미엘르홀,"어두운 조명과 화려한 샹들리에, 10M의 높은 천고와 23M의 우아한 버진로드가 있는 웅장한 홀","정가 식대 75,000원, 인천에서 뷔페 맛있기로 소문남","주차타워 3개층으로 동시주차 600대 가능, 하객 2시간 무료주차",None,"복층에 위치한 신부대기실, 신부 전용통로를 통한 특별한 입장 가능",None,대관료 550만원,"친절하고 자세한 상담, 메이크업실과 드레스실이 있어 편리함","5층 미엘르홀의 꽃장식이 2월에 완성 예정, 약간의 걱정",200
100,강남 더화이트베일 화이트베일홀,"밝은 홀, 화려한 하얀색 인테리어, 시그니처 베일 장식이 예쁨","식대 9.8만원, 음식 평이 매우 높음",None,남부터미널역 4-1번출구 1분 거리,"신부대기실이 홀 안에 위치, 입장 시 나갔다가 들어와야 함",낮은 층고로 하객석이 답답해 보임,대관료 980만원,"단독 건물, 에스컬레이터로 연회장 이동 가능","화장실과 연회장 가는 길이 낡은 느낌, 신부대기실 위치 불편함",200
101,루클라비더화이트,None,9만원,None,None,None,None,"대관료 650만원, 인원과 견적 변동 가능",None,None,200
102,안양 더파티움,"밝고 야외 느낌의 라포레홀, 생화 향이 나는 깨끗한 분위기","95,000원, 음식이 맛있음",지하 주차 가능하나 주말에는 외부 주차 필요,None,혼주 메이크업과 한복 대여 서비스 제공,None,"1,600만원, 가격에 대한 언급은 없음",상담사님이 친절하고 적극적임,선택 가능한 시간대가 한정적임,200
103,문학경기장 내 그랜드오스티엄,"층고가 높고 탁 트인 느낌, 아늑하고 고급스러운 신부대기실","식대 5만7천원, 뷔페 후기가 좋음",주차 공간이 넉넉함,IC 근처 위치,"생화로 꾸며진 아늑한 신부대기실, 프라이빗한 건식 화장실",하객 대기 공간이 넓고 쾌적함,"2,700,000원, 혼주 메이크업 포함, 가성비 만족",상담 과정에서 꼼꼼한 설명과 신뢰감,None,250
104,한강 마레보인웨이브,"세련되고 깔끔한 단독홀, 3면 통유리창으로 자연채광이 아름다움","정가 식대 187,000원, 할인가 125,000원",None,"잠원 한강공원 근처, 도심 속에 위치","한강뷰가 있는 넓고 쾌적한 신부대기실, 홀로 바로 입장 가능",None,"정가 대관료 1200만원, 할인가 800만원, 추가 금액 투명하게 안내","상담 시 힐링되는 경험, 당일 계약 강요 없음",None,200
105,인천 웨딩홀,None,6만원,None,None,None,None,"대관료 300만원, 변동 가능성 있음",None,None,300
106,인천 그랜드오스티엄(블리스홀),어두운 홀이나 조명이 필요한 곳에 비춰져 연출이 좋음,"대관료 500만원, 식대 6만원, 할인가 대관료 150만원, 식대 5만원","400대 이상, 3시간 무료주차 가능",문학경기장역 도보 몇 분 거리,"신부대기실과 화장실, 보조대기실, 혼주헤어메이크업실이 한 층에 있음",동선이 편리하고 안정적임,대관료와 식대가 합리적임,"혼주석 스테이크 코스 제공, 메뉴 개선 지속",홀 선택이 어려움,200
107,주안 그랜드하우스,None,"대인 48,000원",None,None,None,None,"대관료 150만원, 플라워 50만원",None,None,200
108,삼성 노블발렌티,None,"식대 81,000원",None,None,None,None,대관료 800만원,None,None,200
109,영등포 더베르G,"밝은 홀 분위기, 동화 같은 컨셉, 화사한 공간","11만원, 음식 품질에 대한 기대감",None,None,"신부가 돋보이도록 정리된 공간, 큰 거울이 있어 점검 가능","테이블 간격 여유, 혼주 전용 식사룸 마련","1600만원, 전체적으로 만족스러움","웰컴드링크 제공, 하객을 위한 배려",저녁 예식 음식 컨디션에 대한 걱정,200
110,여의도 더 파티움,"밝은 홀과 어두운 홀의 조화, 하우스웨딩과 호텔웨딩 느낌","정가 식대 121,000원, 할인가 68,800원, 한상차림과 세미뷔페 제공",None,None,혼주와 신랑신부를 위한 편리한 공간 고려,하객 동선이 편리함,"대관료+스냅+꽃장식 1,650만원, 합리적인 가격대",최선정 실장님의 친절한 서비스,"시간대 애매함, 한상차림에 대한 걱정",200
111,서울대 호암교수회관 삼성컨벤션센터,"깔끔하고 아담한 분위기, 화이트그린톤의 신부대기실","부페 62,000원, 맛있다는 후기가 많음","넉넉한 주차 공간, 무료 주차 가능","교내 다른 웨딩홀보다 접근성이 좋음, 마을버스가 다니는 위치",신부대기실이 깔끔하고 정갈함,None,"대관료 450만원에서 330만원으로 할인, 합리적인 가격","호암교수회관 숙박시설 이용 가능, 하객 숙소 30% 할인",딱히 없음,200
112,영등포 더베르g,"넓은 로비와 단독홀, 고급스러운 분위기","식대 11만원, 시식 기대됨","400대 주차 가능, 주차장 진입로 복잡하지 않음","영등포구청역, 영등포시장역 도보 10분, 셔틀버스 운행",None,동선 편리함,"대관료 1,600만원","ATM 기기 2대 구비, 엘리베이터 6대",None,200
113,서울 루클라비 더 화이트,"밝고 고급스러운 분위기, 높은 층고","대관료 1,600만원, 식대 13만원",주차 공간이 좁음,큰 대로변 한복판에 위치,신부대기실과 웨딩홀 간의 동선이 간결함,복잡하지 않음,가격이 합리적이며 꽃 가격 포함,차분한 상담으로 신뢰감 제공,주차 공간이 좁은 점이 걱정됨,200
114,인천 그랜드오스티엄,"은은한 느낌의 촛불과 샹들리에 조화, 하우스웨딩 느낌","식대 4만원대 후반, 음식 평이 좋음",주차가 편리함,None,"널찍한 신부대기실, 신부입장 시 대기공간 별도",식탁 간격이 넉넉해 쾌적함,"대관료 무료, 가성비 좋음",None,특별한 아쉬운 점 없음,None
115,인천 부평역 그레이스파티,"화려하고 고급스러운 조명과 샹들리에, 단독홀 구조로 깔끔한 예식 동선","75,000원",주차 동선이 혼잡할 수 있음,"부평역사 쇼핑몰과 바로 연결, 뛰어난 접근성",신부대기실과 연회장이 가까워 이동이 편리,간결함,"대관료 6,500,000원, 전체적인 구성과 서비스 대비 가격이 합리적",상담 과정이 친절하고 신뢰감 있음,"주말 인기 시간대 예약이 빠르게 마감, 예식 시간대 주차 혼잡",300
116,주안 그랜드하우스,"단독 건물형 예식장, 밝고 아기자기한 장식, 커튼에 따라 분위기 변화 가능","정가 식대 63,000원, 한식 구성 다채롭고 신선한 음식",건물 내 주차 가능,"주안역 초역세권, 인천과 부평 접근성 좋음","신부대기실은 웨딩홀 맞은편, 자연광이 잘 들어오는 구조, 넉넉한 규모","하객 동선 여유로움, 연회장 2곳 운영으로 혼잡하지 않음","정가 대관료 600만원, 프로모션 적용으로 만족스러운 견적",None,None,None
117,인천 엘마리노,None,"77,000원",None,None,None,None,대관료 720만원,None,None,200
118,가천컨벤션센터,"고급스러운 어두운 홀, 호텔 예식 느낌, 육각형 베뉴","정가 식대 88,000원, 할인가 식대 79,000원, 스테이크 정식 퀄리티 높음","1,500대 주차 가능, 하루종일 무료","가천대역과 바로 연결, 날씨 영향 없음",넓고 단차가 있어 만족,로비 통하지 않고 바로 홀 내부로 입장 가능,"대관료 990만원, 본식스냅 포함",None,None,None
119,삼성 노블발렌티,None,"97,000원",None,None,None,None,"대관료 1,100만원, 식대 97,000원",None,None,200
120,인천 중구 엘마리노 앳 인천,"화사하고 밝은 홀, 층고 18m로 웅장한 느낌","90,000원, 뷔페 퀄리티 우수","총 1,000대 주차 가능",1호선 동인천역에서 셔틀 운행 예정,"40평 규모, 홀까지 바로 입장 가능",간결한 동선,"1,200만원, 가격 정보 공유 불가",상담이 세심하고 자세함,None,None
121,안양 더파티움,None,7만원,None,None,None,None,"대관료 700만원, 식대 7만원",None,None,200
122,강서 루이비스,None,"식대 73,000원",None,None,None,None,대관료 440만원,None,None,200
123,삼성 노블발렌티,"깔끔하고 우아한 화이트 톤, 층고가 높고 트인 공간","식대 10만원, 식사 후기가 좋음",주차가 약간 아쉬움,"봉은사역 역세권, 대중교통 이용 편리",None,여유로운 예식시간으로 하객 간섭 없음,"대관료 1,300만원, 가격 정보는 운영진에게 공개",상담 팀장님의 친절한 태도와 섬세한 케어,주차 공간 부족,250
124,삼성 노블발렌티,분위기 좋은 채플홀과 연회장,10만원~/식사에 대한 언급 없음,None,None,None,None,"1300만원, 보증인원 200명으로 가격 상승","상담 시 제공되는 예쁜 디저트와 음료, 친절한 상담",None,200
125,용산 나인트리 프리미어 로카우스 호텔,신축호텔로 깔끔하고 밝은 홀 또는 어두운 홀 선택 가능,"양식코스 100,000원, 가성비 좋은 코스요리",지하주차장 만차 시 지상주차장으로 안내,용산역 코앞,None,본식 홀 수용인원 적어 하객 분리 가능성 있음,"대관료 440만원, 꽃장식 770만원, 웨딩연출 330만원, 전반적으로 가성비 좋음",군인 할인 가능,본식 홀 수용인원 적어 하객 분리되어 스크린으로 예식 관람,200
126,더베르지,None,"97,000원",None,None,None,None,"대관료 1,050만원, 식대 97,000원",None,None,200
127,아이벡스컨벤션,None,8만8천원,None,None,None,None,"대관료 900만원, 식대 8만8천원",None,None,300
128,영등포 더베르G,"고급스럽고 세련된 분위기, 조명 연출이 뛰어남","11만원, 메뉴 구성 다양하고 위생 관리 신경 씀",주차 공간 넉넉함,대중교통 접근성 좋음,신부 입장 동선과 버진로드 정리 잘 되어 있음,하객 좌석 간 간격이 넉넉해 답답하지 않음,"대관료 1,600만원, 가격 대비 시설과 서비스가 괜찮음",담당 플래너가 친절하고 현실적인 조언 제공,None,200
129,명동상당 파밀리아 채플,성당 분위기로 경건하고 진지한 느낌,"식대 66,000원 또는 77,000원, 대관료 2,000,000원, 사진 촬영 및 앨범 제작비 1,200,000원","2시간 주차권 장당 4,000원 (환불 가능)",None,None,None,"대관료 2,000,000원, 식대 및 주차권 비용은 보증인원 확정 후 결정",None,혼인미사를 처음 경험하는 하객들이 길게 느낄 수 있음,200
130,더세인트,None,"식대 83,000원",None,None,None,None,"대관료 200만원, 연출 300만원, 플라워 650만원",None,None,200
131,영등포 더링크호텔,"육각형 베뉴, 전체적으로 고급스러운 분위기","150,000원, 후기가 좋음",None,"신도림역에서 1호선, 2호선 접근 가능, 셔틀버스 운영",신부대기실과 홀 내부 모두 마음에 듦,하객 동선이 간결함,"25,000,000원, 생화 포함으로 이해가 되는 가격",주변에서 만족도가 높고 좋은 후기 많음,"혼주식사 장소 호불호, 뷔페 음식 제공",250
132,인천 그랜드오스티엄/CMCC홀,"층고가 높고 공연장 같은 분위기, 야외테라스 단독 사용 가능","대관료 650만원, 식대 6만5천원",4천 대 이상 주차 가능,None,필요한 준비물들이 섬세하게 구비되어 있음,"널찍한 연회장, 직원들이 신속하게 서빙","대관료 270만원, 식대 5만9천원",직원들이 친절하고 하객을 잘 챙김,None,250
133,인천 그레이스파티 웨딩홀,어두운 홀에 반짝이는 샹들리에가 많아 화려하고 밝은 느낌,None,None,None,None,None,None,상담해주신 실장님의 섬세한 설명이 완벽함,None,None
134,대전 에스가든 웨딩홀,"밝은 홀, 자연채광이 아름다움","식대 58,000원, 전체 견적이 예산 범위 내에서 만족",None,"갑천역 셔틀 제공, 차 없는 하객도 접근 용이",신부대기실에서 바로 홀로 입장 가능,하객 동선이 편리함,"대관료 250만원, 생화장식 및 포토테이블 200만원, 추가 옵션 강요 없음",None,당일 분위기와 음식 회전 속도는 지켜봐야 함,150
135,수원 라 뷔 포레 (구 호텔리츠),"노후화되지 않은 어두운 홀, 리모델링 후 밝은 홀과 어두운 홀 모두 가능","대관료 540만원, 식대 6.9만원",여러 곳에 주차 가능,역 근처로 대중교통 이용에 편리,"지하 보조대기실 이용 가능, 락커룸 제공",간결함,"대관료 450만원(할인), 가격 적당함","친절한 직원, 계약 선물로 디퓨저 제공",리모델링에 대한 기대와 걱정,250
136,삼성 노블발렌티,"밝은 홀, 높은 층고, 깔끔하고 우아한 느낌, 고급스러운 샹들리에","대관료 1300만원, 식대 10만원",주차가 편리,"삼성역, 봉은사역과 가까운 위치","신부대기실이 깔끔하고 넓으며, 통유리창으로 바뀔 예정",동선이 깔끔하게 떨어짐,"대관료 1300만원, 식대 10만원",전문적이고 친절한 상담 분위기,None,300
137,강서 루이비스 컨벤션,"밝고 넓은 홀, 넓은 로비와 단독홀","8.8만원, 맛있는 식사",건물 내 주차 공간 외 제 2주차장으로 도보 5분 거리에 200대 주차 가능,None,신부대기실 현장 보기에 대한 긍정적인 평가,복잡하지 않음,"1,200만원, 합리적인 가격","조감도 계약 혜택이 좋고, 증인원에 따른 견적 변동 없음",인테리어에 대한 불확실성,200
138,강동루벨,밝은 홀,"80,000원, 식사 맛있음",None,교통편리,혼주메이크업 서비스 제공,None,"8,000,000원","전문 사회자, DVD 촬영 서비스 포함","버진로드 높이 부족, 출입구 꽃 부족",230
139,대치 더 채플앳,"깔끔하고 단아한 분위기, 밝은 홀, 층고 4.93m, 웨딩로드 17m","132,000원, 신선도와 퀄리티가 기대 이상, 수제피자와 블랙타이거새우 포함","내부 100대, 외부 150대 가능, 2시간 무료","삼성역과 학여울역 사이, 셔틀버스 10-15분 간격",신부대기실은 로비에서 쉽게 찾아올 수 있는 위치,간결함,"대관료 17,820,000원","단독홀로 프라이빗한 예식 가능, 조명과 분위기 고급스러움",층고가 낮고 버진로드가 짧음,270
140,서울숲 보테가마지오,"고급스러운 분위기, 깔끔하고 세련된 느낌, 층고가 높고 샹들리에가 있는 연회장","식대 11만원, 코스요리 제공","지하주차장 700대 가능, 넓고 편리함",서울숲 역에서 가까움,혼주를 위한 프라이빗한 식사 공간 분리,하객과 혼주 모두 만족할 수 있는 동선,"대관료 1500만원, 합리적인 견적",웨딩갤러리 제공으로 사진 준비 부담 감소,토요일 황금시간대 보증인원 높음,200
141,신도림 더세인트 웨딩홀,"밝은 톤 인테리어, 넓은 로비와 높은 층고, 새 건물 느낌","1인당 정가 13만원, 코스요리 제공",None,신도림역과 가까워 접근성 좋음,신부대기실이 예쁘고 만족스러움,하객 동선이 여유롭고 복잡하지 않음,"대관료 1000만원, 연출료 600만원",당일 계약 혜택이 좋음,"동시예식으로 인한 뷔페식 미제공, 어르신들에 대한 걱정",250
142,신사 더컨벤션,"어두운 홀, 깔끔한 분위기, 화이트&그린 색상 유지, 층고가 높아 개방감 있음","12만원, 후기가 좋음","지하 주차장 바로 연결, 하객 입장 편리",신사역과 가까워 대중교통 이용 편리,None,동선이 단순해 하객 이동이 복잡하지 않음,"대관료 1500만원대, 식대 9만원대",상담 친절함,홀 복도 공간이 작고 좌석 수가 적음 (140석),250
143,잠실 아펠가모,깔끔하고 맛있는 분위기,"정가 식대 10만원, 할인가 식대 7만원",주차입구가 살짝 힘들다는 후기가 있었으나 괜찮을 것 같음,None,None,None,"대관료 1000만원, 할인가 800만원","강남권에서의 접근성 좋음, 맛있고 깔끔한 식사 후기로 계약",주차입구가 힘들다는 후기가 있었음,280
144,에스칼라디움,"단독홀, 편리한 교통, 고급스러운 분위기","68,000원",None,편리한 교통,"신부대기실과 혼주전용룸, 휴식공간 제공",혼잡스러운 느낌,대관료 600만원,None,상가건물로 혼잡스러운 느낌,200
145,강서 더베뉴지 마리아칼라스홀,"밝은 홀, 층고가 높은 앞쪽과 낮은 안쪽, 외국 하우스 웨딩 느낌","정가 7.1천원, 할인가 6.5천원, 코스요리+세미뷔페 제공","1,500대 주차 가능",None,신부 입장 시 꽃 장식이 내려오는 우아한 분위기,로비가 협소하여 인원 많을 경우 복잡할 수 있음,"정가 980만원, 할인가 730만원","3시간 단독홀 사용, 대형 스크린 있음","식사 후기가 좋지 않은 점, 로비 협소, 큰 기둥으로 일부 테이블 가림",200
146,명동 온즈드롬,"밝은 분위기의 웨딩홀, 자연광이 잘 들어옴","식대 66,000원, 호텔급 요리로 유명",None,대중교통 접근성 좋음,None,None,"대관료 435만원, 꽃데코 370만원, 본식촬영 88만원","천장이 열리고 닫히는 구조, 커스텀 웨딩 가능",None,200
147,논현 더채플앳라포레홀,"밝고 자연스러운 분위기, 높은 층고와 통창으로 환한 느낌, 깔끔한 꽃장식과 우드톤 계단","식대 12만원, 대관료 1200만원",None,None,신부입장하는 곳에서 내려다보는 구조로 예쁨,"착석인원 180명, 보증인원 300명으로 다소 복잡할 수 있음","대관료 1200만원, 가격대가 높음",None,"보증인원과 착석인원 차이, 전체 발렛과 신부대기실 위치가 불편함",300
148,반포 고터역 컨벤션홀,따뜻한 분위기의 식사 공간,"정가 10만원대, 할인가 79,000원",주차공간이 협소함,직장과 가까워 교통이 편리함,None,동선이 좋음,"대관료 1100만원, 할인가 950만원",매니저의 친절한 응대와 직원들의 반갑고 진솔한 마음,주차가 걱정됨,None
149,웨스턴베니비스,None,"79,000원",None,None,None,None,"대관료 810만원, 식대 79,000원",None,None,200
150,안양 더파티움,None,"76,000원",None,None,None,None,"대관료 750만원, 식대 76,000원",None,None,200
151,수서 빌라드지디,None,"95,000원",None,None,None,None,"대관료 700만원, 식대 95,000원",None,None,300
152,광명 아이벡스컨벤션,"층고가 높고 넓은 어두운 단독홀, 고급스러운 분위기","식대 11만원, 광명무역센터컨벤션의 뷔페 퀄리티 보장","3,200대 주차 가능","광명역 인근, KTX 접근 용이","신부대기실과 홀, 연회장이 모두 한층 동선",간결한 동선,"대관료 1,500만원, 가격 정보 공유 불가",None,오픈 전이라 실물을 못 보고 계약,None
153,셀럽앤어셈,None,"88,000원",None,None,None,None,"대관료 950만원, 식대 88,000원",None,None,200
154,레스케이프호텔 웨딩,"소규모 웨딩을 전제로 설계된 공간, 밀도가 살아나는 구조, 동화같은 분위기","양식/중식 코스 20만원, 이벤트룸 대관료 880만원, 라이브러리 대관료 2750만원",None,None,None,하객과의 시선이 자연스럽게 닿는 구조,"대관료 없이 4~50인 가능, 코스 구성 디테일 우수","제휴된 드레스샵과 세레모니 웨어, 예복샵이 있어 편리",None,50~100
155,서울대학교 이라운지,"유리 통창이 있는 단독홀, 여유로운 분위기","C코스 64,000원, 맛있는 뷔페 (CJ 운영)",None,관악산 위쪽에 위치,신부 2층에서 입장,None,"대관료 3,850,000원, 타 강남권 호텔보다 저렴",얼리버드 계약 혜택으로 현악 4중주 서비스 제공,눈이 오면 하객들이 올라오기 힘들 수 있음,350
156,서울대학교 이라운지,"유리 통창이 있는 단독홀, 여유로운 분위기","C코스 64,000원, 맛있는 뷔페 (CJ 운영)",None,관악산 위쪽에 위치,신부 2층에서 입장,여유로운 3시간 예식,"대관료 3,850,000원, 타 강남권 호텔보다 저렴",얼리버드 계약 혜택으로 현악 4중주 서비스 제공,눈이 오면 하객들이 올라오기 힘들 수 있음,350
157,서울 바이더그린,"야외 웨딩홀, 숲과 브릭 건물 조합, 데크 바닥, 유니크한 분위기","식대 73,000원, 드마리스 브랜드 케이터링, 음식 퀄리티 높음","건물 내 20대, 외부 300대 주차 가능, 주차비 저렴","프라이빗한 위치, 접근성 좋음",혼주 헤어메이크업샵 내장,여유롭고 프라이빗한 진행,"대관료 700만원, 연출료 250만원, 디렉팅 및 플라워 450만원, 할인 적용된 가격","카톡, DM 문의 가능, 빠른 상담 응답","비 예보 시 대체 공간 걱정, 실내 예식 공간도 예쁨",150
158,용인 ict밸리컨벤션,"어두운 컨벤션 스타일, 층고 9m로 개방감 있음","정가 식대 73,000원, 할인가 66,000원, 뷔페 후기가 좋음","1,300대 주차 가능, 종일 무료 주차","기흥역에서 셔틀버스 수시 운행, 자차 이용 편리",꽃장식 풍성하고 브라이덜 샤워 테이블 마련,동선이 좋은 편,"대관료 790만원, 할인가 650만원","친절한 상담, 널찍한 공간","역세권이 아님, 자차 이용자 많을 듯",None
159,삼성 노블발렌티,None,"87,000원",None,None,None,None,"대관료 870만원, 식대 87,000원",None,None,200
160,광명무역센터컨벤션,None,"식대 85,000원",None,None,None,None,대관료 870만원,"웨딩홀 견적은 일정과 시간, 계약 시점에 따라 변동 가능",None,300
161,한강 마레보인웨이브,"3면 통유리창으로 탁 트인 공간, 한강 야경이 아름다움","정가 식대 187,000원, 코스요리 제공, 스테이크 포함","친인척 차량 15대 발렛 가능, 하객은 잠원 3~6 주차장 이용",None,신부대기실에서 한강뷰를 바라볼 수 있어 긴장 풀기 좋음,원활함,"정가 대관료 1,200만원, 할인가 800만원, 합리적인 금액","3시간 전관 단독 대관, 1:1 커스텀 가능, 프로모션 진행 중",1층 스타벅스와 헷갈릴 수 있음,250
162,강변 웨딩스퀘어 그레이스홀,층고가 낮고 어두운 느낌,"대관 750만, 식대 7.5만원",None,에스컬레이터로 식장과 연회장 간 이동 가능,프라이빗한 신부대기실,하객 섞일 걱정이 줄어듦,"대관 360만, 식대 5.5만원으로 가성비 좋음","상담 중 태블릿으로 사진 확인 가능, 당일 계약 혜택 제공","층고가 낮고 어두운 점, 식사의 맛에 대한 걱정",200
163,부천 라비에벨 웨딩,"어두운 웨딩홀임에도 생화 장식으로 싱그러운 분위기, 넓은 로비","정가 72,000원, 할인가 69,000원, 다양한 메뉴와 식사 호평",None,None,가족석을 소파 좌석으로 편하게 마련,단독홀로 하객 동선 간결,"정가 890만원, 할인가 690만원","친절한 상담, 배려심 느껴짐",None,400
164,서현 더메리든,None,"55,000원",None,None,None,None,대관료 550만원,None,None,200
165,여의도 웨딩여율리,"어두운 느낌의 홀, 꽃향기가 가득하고 층고가 적당함","대관료 11,000,000원, 식대 95,000원(아이는 45,000원), 맛있음",None,여의도역에서 도보 5분,신부 대기실과 웨딩홀은 화이트&그린 톤의 꽃으로 꾸며져 있음,가족 대기실에서 긴 시간 대기하지 않음,"강남에 비해 합리적인 가격대, 잔여타임 할인",담당 직원이 친절하고 필요한 부분을 잘 설명해줌,시위와 겹쳐 교통 불편 우려,200
166,인천 라마다송도 다빈치홀,"은은하게 어두운 홀, 고급스러운 분위기, 넓은 신부대기실","대관료 400만원, 식대 6만원, 할인가 대관료 200만원, 식대 5만원대","후문 진입 가능, 주차 편리",동춘역 근처,"넓고 고급스러운 신부대기실, 꽃 테이블과 여유로운 좌석",간단한 동선,"대관료 400만원, 식대 6만원, 합리적인 가격","조리명장 셰프가 100가지 메뉴 관리, 고화질 모니터로 예식 관람 가능",None,250
167,건설회관 셀럽앤어셈,"예쁜 베뉴, 긴 곡선형 버진로드, 낡은 느낌 없음","98,000원, 후기 좋음, 제철음식 사용","동시 주차 600대, 보증인원 300명에 비해 주차 대수 적음","찾기 쉬움, 하객과 겹치지 않음","별관 이용, 하객과 마주치지 않음","동선 좋음, 가족사진 및 부가촬영이 일찍 끝남","대관료 1,450만원, 예식시간 짧음",직원들이 위치 설명으로 걱정 덜어줌,"연회장과 거리, 주차비 사전결제 안됨",250
168,삼성 노블발렌티,None,9만원,None,None,None,None,"대관료 1300만원, 변동 가능성 있음",None,None,100
169,영등포 웨스턴베니비스,"모던하고 깔끔한 외관, 층고가 높고 어두운 느낌, 고급스러운 샹들리에와 조명","소문난 맛집, 음식 기대됨","EV 2대, 부족해 보이나 동선이 짧아 괜찮을 듯","지하철역에서 도보 5분, 대로변 위치로 가시성 좋음","화이트톤, 신부 전용 화장실, 하객 응접하기에 적당한 크기",단독홀로 동선 짧아 간결함,예산은 조금 넘겼으나 예약,"신부 입장을 위한 비밀공간 마련, 신랑 신부 혼주 좌석 별도 룸",EV 수가 부족해 보임,200
170,수서 빌라드지디 (르씨엘홀),"높은 층고에 채광이 좋은 분위기, 디즈니+해리포터 감성","9.9만원, 스테이크 즉석 조리","외부 주차, 셔틀 서비스 제공",None,None,음식 푸는 공간이 좁아 복잡할 가능성,"대관료 1천만원, 할인 후 견적 제공",상담해주신 김여심 실장님이 꼼꼼함,"음식 푸는 공간이 좁음, 주차 우려",300
171,서현 더메리든,"이쁘고 조명을 컨셉에 맞게 선택할 수 있는 홀, 자연광이 들어오는 분위기",식대 7.2만원,None,서현역 앞 도보 이동 가능,버진로드와 샹들리에로 신부 입장이 돋보임,"차분하고 넉넉한 연회장, 손님 겹치지 않음",대관료 750만원,None,원형테이블로 개인 선호에 따라 불편할 수 있음,200
172,성북 스튜디오 아로,아늑하고 원하는 분위기,None,None,None,None,스몰웨딩에 적합한 공간,"예산과 비슷한 금액, 최소 보증인원 제한 없음",당일 계약 시 혜택 있음,우천 시 대비 부족,60
173,영등포 웨스턴베니비스,"깔끔하고 단독 건물, 층고가 높고 채광이 풍부함","대관료 14,300,000원, 식대 대인 132,000원, 소인 45,000원, 평균 이상 맛 보장","옆 건물에 충분한 주차 가능, 혼주차는 웨딩홀 건물 사용",영등포구청역 도보 3분,"새하얀 꽃과 초록 식물로 싱그러움, 단독 화장실과 좋은 채광",하객 동선이 직관적이고 간결함,"하반기 극성수기 10월에 계약, 정가보다 할인된 가격","친절한 직원과 주차 안내요원, 상담 시 친절한 응대",결혼식 당일 서비스와 진행에 대한 걱정,230
174,강서 루이비스,None,"67,000원",None,None,None,None,"대관료 580만원, 식대 67,000원","웨딩홀 견적은 일정과 시간, 계약 시점에 따라 변동 가능",None,200
175,서울>한국프레스센터 플라자,"예쁜 홀, 어두운 분위기","양식 코스 68,000 ~ 88,000원, 한식 코스 79,000원, 음주류 50% 할인",지하 주차 가능,시청역 4번 출구 코 앞,덕수궁 뷰의 넓은 신부대기실,"하루 2타임 진행, 넉넉한 예식시간","총 27백만원대, 성수기 기준 보증인원 300명",음식 퀄리티와 직원 서비스가 매우 높음,"성수기 기준 보증인원 300명으로 부담스러움, 방문일 시위 이슈",300
176,sy컨벤션,None,"식대 65,000원",None,None,None,None,"대관료 380만원, 변동 가능성 있음",None,None,200
177,영등포 마리앤코,"밝은 자연광이 드는 모던한 인테리어, 스몰웨딩에 적합한 분위기","양식코스 A 기준 75,000원, 음식 퀄리티와 맛이 좋음",100대 2시간 무료 주차,"영등포역 도보 3분, 초 역세권",None,"프라이빗한 예식 진행, 상담 시 다양한 세팅 가능","대관료 무료, 정찰가로 합리적인 가격","전담 매니저 배정 옵션, 웨디터 프로그램으로 셀프 준비 가능",None,None
178,삼성 노블발렌티,"단아한 채플 스타일, 깔끔하고 은은하게 고급스러움",None,"본건물 주차공간 협소, 엑스트라 주차공간 확보",None,"넓고 화사한 신부대기실, 생화 사용",하객 동선 자연스러움,None,친절하고 프로페셔널한 상담,주차공간 협소,250
179,루클라비더화이트,None,"83,000원",None,None,None,None,"대관료 600만원, 변동 가능성 있음",None,None,200
180,인천 그레이스파티,"따뜻한 색감의 깔끔한 분위기, 높은 층고와 비즈 조명","뷔페 8만원대, 맛있을 것으로 예상됨",부평역 양쪽에 주차 타워 마련,"부평역사 안에 위치, 길이 복잡하지 않음","신부대기실과 홀, 로비, 연회장이 한 층에 위치하여 이동 편리",하객과 혼주의 동선이 매우 깔끔함,"대관료 800만원대, 합리적인 가격",None,"홀 패키지가 없음, 건물 외관 노후",250
181,삼성 노블발렌티,"채플 스타일의 고급스러운 분위기, 천장이 높아 탁 트인 느낌","코스 식사, 깔끔하고 정갈한 식당",None,"삼성역과 봉은사역에서 도보로 가까움, 봉은사역 셔틀 운행","조명이 은은하고 인테리어 깔끔, 좌석 넉넉함",None,운영진에게 공개,"웰컴 드링크로 간단한 음료 제공, 신경을 많이 쓴 느낌",겨울철 도보 이동에 대한 걱정,150
182,인천 그랜드오스티엄>CMCC홀,"높은 층고로 웅장하고 답답함이 없음, 깔끔한 조도","식대 6만5천원, 품질 관리 체계가 잘 되어 있음","4천 대 이상 주차 가능, 3시간 무료 주차",None,"페이징벨, 핑거푸드, 물, 실, 바늘, 스타킹, 락커룸, 가족 대기 가능 공간 제공",하객 시야 확보가 잘 되어 있는 편안한 배치,"대관료 500만원, 식대 6만5천원","친절한 상담, 하객 메시지 빨간우체통 서비스, 포토부스 제공",None,180
183,더베르지,None,8만원,None,None,None,None,"대관료 800만원, 식대 8만원",None,None,200
184,삼성 그랜드 인터컨티넨탈 파르나스 5F 그랜드볼룸,"어두운 홀, 층고 높고 웅장하며 화려함","18만원, 맛있다는 평이 많음",None,삼성역과 연결되어 있어 교통 접근성이 편리함,다소 협소함,None,"2800만원, 총견적 1억+a",None,"교통혼잡, 버진로드가 짧음",300
185,왕십리 H스퀘어웨딩,"넓고 편안한 분위기, 하객 친화적인 환경","한상차림, 비공개",None,"왕십리역과 가까움, 2호선, 5호선, 분당선, 중앙선 이용 가능","6층과 7층 중 선택 가능, 6층은 작지만 화장실 있음, 7층은 크지만 화장실 없음","간결함, 하객들이 돌아다니지 않음","합리적인 가격, 동문 할인 적용","친절한 상담, 다양한 서비스 제공 (예도 컨시어지, 포토 테이블, 플라워샤워, 웨딩 DVD촬영)",None,200
186,수원 파티움하우스,천고가 높고 답답함 없는 은은한 분위기,"대관 450만원, 식대 6.9만원","건물 내 주차 및 인근 주차장 확보, 셔틀 및 안내 요원 배치",수원시청역 1번 출구에서 도보 1~2분 거리,"넓고 화사한 신부대기실, 전용 파우더룸과 화장실 구비",하객들이 섞이지 않고 오롯이 손님들만 모일 수 있는 단독홀,"대관 150만원, 식대 5.4만원 (할인)",None,None,150
187,수원 이비스,"층고가 높고 프리미엄 웨딩홀 느낌, 답답하지 않음","식대 99,000원, 맛있기로 유명, 참치 해체쇼 제공","층수는 많지만 주차 가능한 구역 적음, 입구 좁아 큰차 진입 어려움",None,"신부대기실에서 바로 입장 불가능, 이동 동선 불편","엘리베이터 혼잡, 대기 시간 길어질 수 있음","대관료 1,500만원, 식대 87,000원(할인가)",None,"주차 문제, 입구 좁음, 신부 동선 불편, 엘리베이터 혼잡",200
188,수원 노블레스 웨딩홀,"층고가 높고 시야가 탁 트인 웅장한 홀, 넓고 깔끔한 로비","64,000원, 시식 때부터 높은 만족도","차량 진입이 복잡할 수 있으며, 주차는 다소 혼잡할 수 있음",웨딩홀 앞에 역 없음,None,하객 동선이 편리하고 여유롭게 진행 가능,"대관료 680만원, 합리적이고 가성비 뛰어남",단독층 운영으로 혼잡함 없이 진행 가능,"건물이 다소 노후된 느낌, 주차 혼잡 가능성",200
189,수원 라 뷔 포레(구 호텔리츠),"넓고 쾌적한 로비, 신부대기실은 통창으로 트여있고 밝은 홀로 리모델링 예정","식대 76,000원, 맛있기로 유명함",여러 군데 주차 가능,None,"신부대기실이 넓고 편안함, 가족과 친구들이 앉을 자리도 넉넉함",None,"정가 760만원, 식대 76,000원","당일 계약 할인 제공, 양재꽃시장 향 디퓨저 선물","예식 시간이 1시간 텀, 주차장 여러 군데 있음",250
190,천안 티웨딩 투데이홀,"깔끔하고 리모델링된 공간, 한층에 모든 시설이 있어 편리함","식대 5만8천원, 대관료 300만원, 할인가 5만3천원/250만원",넓은 주차장,None,None,엘리베이터 이동 없이 편리함,"합리적인 가격, 친절한 상담",입장곡 음원은 직접 준비해야 함,식사가 짧아 여유로운 진행을 원하면 다른 곳 추천,220
191,광명무역센터컨벤션,"어두운 홀, 넓고 여유로운 분위기, 고급스러운 화이트톤 인테리어","식대 95,000원, 맛있는 음식으로 유명, 생연어와 즉석 스테이크 제공",주차 편리,"광명역 바로 앞, KTX역과 가까움","넓고 채광 좋은 신부대기실, 대기 공간 마련",여유로운 동선,"대관료 1,400만원",None,상담 예약이 치열하여 원하는 날짜 마감,None
192,대치 더채플앳,"밝은 홀, 신상홀로 공간 곳곳에 신경을 쓴 티가 남","정가 식대 132,000원, 할인가 식대 114,400원",None,None,None,None,"대관 및 기타비용 12,870,000원",상담해주시는 분이 친절하고 전문적으로 안내,후기가 많이 없는 점,270
193,로프트가든344,None,"55,000원",None,None,None,None,"대관료 300만원, 식대 55,000원",None,None,200
194,라시따시어터,None,"85,000원",None,None,None,None,대관료 960만원,None,None,200
195,신도림 웨딩시티,None,"식대 49,500원",None,None,None,None,"대관료 255만원, 변동 가능성 있음",None,None,100
196,루클라비더화이트,"세련되고 고급스러운 느낌, 화이트&그린 꽃 장식, 높은 층고","대관료 16,000,000, 식대 130,000","내부주차 150대, 외부주차 150대 (도보 5분 거리)",None,None,None,None,친절하고 전문적인 상담실장님,"주차 문제, 만차 시 외부주차로 안내될 가능성",200
197,영등포 더컨벤션,None,"85,000원",None,None,None,None,"대관료 800만원, 식대 85,000원",None,None,200
198,인천 그레이스파티,"단독홀, 버진로드 길고 천고 높음","85,000원",None,None,None,넓은 연회장(700석)으로 하객들이 공간을 넓게 사용 가능,"대관료 800만원, 식대 85,000원",친절한 상담 안내,없음,200
199,아이벡스컨벤션,None,"71,500원",None,None,None,None,"대관료 675만원, 변동 가능성 있음",None,None,200
200,강서 루이비스컨벤션,"밝은 단독 홀, 동선이 깔끔함","정가 식대 1200만원, 대관료 88만원, 타 지점 후기가 좋음","건물 내 400대, 2주차장 200대, 각각 2시간·3시간 무료",None,신부대기실이 넓고 대기실에서 바로 홀로 입장,동선이 깔끔함,가격이 합리적임,"직원이 친절하게 설명, 계약 조건이 깔끔하게 안내됨","오픈 전이라 실제 모습을 볼 수 없음, 혼잡할까 걱정됨",200
201,삼성 노블발렌티,"세련된 분위기의 채플홀 형태, 깔끔한 디자인","10만원, 코스 요리 제공",주차장이 나뉘어 있으나 하객 동선은 원활할 것으로 예상,봉은사역과 가까워 접근성 좋음,None,리셉션과 홀이 층이 분리되어 있어 혼란스러울 수 있음,"대관료 1,300만원, 가격대가 괜찮음","직원들이 대처가 능숙하고, 4중창 라이브 연주 제공","본식스냅 업체 고정, 층 분리로 인한 이동 혼란 우려",270
202,청담 더채플앳 커티지홀,화려한 꽃이 있는 홀보다 야외 예식을 찾는 분위기,"대관료 1100만원, 식대 대인 11만원",None,None,신부대기실이 화려하지 않음,None,웨딩홀 측 비공개 요청,None,신부대기실이 바뀐다고 해서 아쉬움,None
203,수원 sy컨벤션 플레르홀,"어두운 홀, 36m의 기나긴 버진로드, 예쁜 생화 장식","정가식대 8만2천원, 맛있기로 유명","지하주차장 복잡할 것으로 예상, 공영주차장과 홈플러스 주차장 근처",None,None,로비가 커서 하객이 많아도 혼잡하지 않음,"대관료 990만원, 프로모션으로 가격과 서비스 충족",None,"주차 공간과 엘레베이터 걱정, 전용 엘레베이터 1대 외에 두 대는 전층 전용",200
204,용인>더포레스트웨딩,밝고 예쁜 화이트톤의 홀,"식대 8만원, 스테이크 1인 1제공 및 뷔페","200대 주차 가능, 무료 발렛",None,신부대기실도 예쁨,본식홀과 신부대기실이 가까워서 걱정됨,"대관료 750만원, 플라워 450만원","다양한 서비스 항목 제공 (음료, 주류, 포토테이블, 플라워샤워, 웨딩케이크+와인, 웰컴드링크)",신상홀이라 후기가 많지 않음,100
205,신도림 웨딩시티 스타티스홀,"좁은 홀에 낮은 천장, 은하수 샹들리에가 인상적","60만원, 대관료 630만원",None,None,None,None,저렴한 가격에 홀 인테리어 마음에 듦,"보증인원 맞춰줌, 당일 계약 진행",엘리베이터가 3대 중 1대만 웨딩홀로 직행 가능,150
206,부평역 그레이스파티,"화려하지 않지만 신랑 신부가 돋보이는 예식장, 신축으로 깨끗함","대인 85,000원, 소인 38,000원, 음식 만족",부평역 주차장 2000대 가능,None,신부대기실이 크고 예비 대기실도 있음,동선이 좋음,식대가 다른 웨딩홀보다 조금 비쌈,"웰컴드링크 제공, 직원들이 주차 안내",주차장 번잡할까 걱정,200
207,인천 그레이스파티,None,6만원,None,None,None,None,"대관료 350만원, 변동 가능성 있음",None,None,200
208,왕십리 H스퀘어웨딩홀 (한양대 동문회관),"밝은 홀, 채플 형식으로 클래식한 분위기","정가 73,000원, 할인가 63,000원",병원 주차 공간 이용 가능,"한양대역 2호선, 왕십리역 2,5, 수인분당, 경의중앙선과 연결","6층 신부대기실 선택, 하객 편리성 고려",None,"대관료 7,000,000원, 동문 할인 혜택 포함","친절한 상담 실장님, 계약금 결제 시 성동사랑상품권 사용 가능",신부대기실 선택 시 평범한 입장을 원함,200
209,삼성 노블발렌티,밝고 고급스러운 분위기,"식대 95,000원",None,None,None,None,"대관료 1,100만원, 변동 가능성 있음",None,None,200
210,안양 더파티움,"화이트 톤의 깔끔한 로비와 세련된 분위기, 크리스털 샹들리에가 있는 고급스러운 본식홀","95,000원, 오픈 키친으로 음식 신뢰도 높음",None,None,자연광이 많이 들어오고 화이트 톤으로 사진이 잘 나옴,동선이 복잡하지 않고 넓어 편리함,"1,600만원, 납득이 가는 비용","친절하고 차분한 디렉터의 안내, 운영 전반에 허술한 부분 없음",비용 부분이 아쉬울 수 있으나 납득 가능,200
211,광명 아이벡스컨벤션,홀 크고 웅장하며 층고가 높음,"정가 식대 11만원, 광명 무역센터와 같은 계열이라 식사 걱정 없음","3200대 주차 가능, 편리함",None,None,연회장이 한층에 있어 복잡하지 않을 것 같음,대관료 1500만원,None,조감도만 보고 계약하여 실제 모습에 대한 걱정,200
212,건대입구역 KU컨벤션,None,"정가 85,000원, 할인가 62,000원",None,None,None,None,"정가 950만원, 할인가 350만원",날씨 좋은 3월 말 점심시간대 럭키 잔여타임 특가,"요일에 대한 고민, 기존 식장 변경 고민",200
213,인천 그랜드오스티엄 CMCC홀,"고급스러운 분위기, 높은 층고로 예식 분위기 고급스러움","정가 식대 6만원, 할인가 식대 5만원","4천대 이상 수용 가능, 3시간 무료주차",문학경기장역 접근성 편리,"넓고 가족이 앉을 수 있는 자리, 락커룸, 페이징벨, 핑거푸드 등 세심한 준비",동선이 헷갈리지 않음,"대관료 650만원, 식대 6만원, 할인가 대관료 270만원, 식대 5만원","하객 메시지 우체통, 포토부스 제공",None,300
214,안산 빌라드지디,None,6만5천원,None,None,None,None,대관료 600만원,None,None,200
215,안양 더파티움,"밝고 화사한 분위기, 천장에 수놓은 별처럼 반짝이는 조명","9.5만원, 훌륭한 식사 메뉴",넉넉한 주차 공간,None,신부 대기실에서 바로 버진 로드로 입장 가능,우아한 입장 동선,"1,600만원, 합리적인 가격",None,특별히 아쉬운 점 없음,None
216,엘리에나호텔 그랜드볼룸,"층고가 높고 조명이 예쁘며, 꽃 장식이 풍성하고 고급스러운 분위기","138,000원, 식사 구성 괜찮음",내부·외부 합쳐서 넉넉하게 주차 가능,대중교통 접근성 나쁘지 않음,신부대기실이 매우 예쁨,동선이 복잡하지 않음,"15,000,000원(대관료) + 7,000,000원(꽃), 금액이 납득되는 수준","상담 분위기가 친절하고 신뢰감 있음, 단점도 솔직하게 설명",언덕으로 인해 계절에 따라 하객들이 힘들 수 있음,300
217,로얄파크컨벤션,"밝은 홀, 위치와 신대실이 마음에 들었음","정가 129,000원, 할인가 85,000원",None,None,None,None,"정가 1,450만원, 할인가 900만원",None,대들보가 마음에 걸려 최종 선택하지 않음,250
218,영등포 더컨벤션,어두운 홀에 화이트 계열 꽃장식이 풍성하고 생화비율이 높음,"11만원, 음식 맛에 대한 긍정적인 후기",주차공간이 여유롭지 않음,"2호선과 5호선 근처, 접근성이 좋음",신부대기실이 넓고 포토존이 가까워 편리함,하객 이동 동선이 좋은 편,"대관료 1100만원, 식대 11만원",혼주 미용과 한복이 같은 건물에서 이용 가능,주차공간 부족에 대한 걱정,None
219,명동 온즈드롬,"자연광이 들어오는 밝은 홀, 낭만적이고 프라이빗한 분위기","식대 66,000원, 맛있는 음식 대접 가능",None,명동역 5번 출구에서 도보 1분,None,여유롭게 식 가능,"대관+연출료 435만원, 꽃데코 390만원, 본식촬영 88만원",직원의 친절한 안내,None,200
220,잠실 아펠가모,"단독홀의 장점과 핑크보라꽃 장식, 신부대기실이 예쁨","밥펠가모로 유명, 보증된 식사","주차 2시간 무료, 입구가 좁음",역세권으로 접근 용이,신부대기실 넓고 꽃이 많음,None,None,1층에 ATM과 할리스 커피 있음,주차장 입구가 좁음,300
221,삼성 노블발렌티,"채플 스타일의 고급스러운 분위기, 생화 장식이 예쁨",웰컴 푸드와 디저트가 맛있고 예쁨,넉넉한 주차 가능,"봉은사역과 삼성역 인근, 도보 이동 가능, 셔틀버스 운영",신부 대기실이 예쁘고 생화 장식이 잘 어울림,단독홀로 하객 동선 간결,None,None,예식장이 5층에 있어 1층에서 단체 이동 필요,300
222,삼성 노블발렌티,"단독홀로 전체를 사용하는 분위기, 생화 장식이 예쁨","10만원, 웰컴 푸드 맛있음",넉넉한 주차 가능,"봉은사역과 가까움, 삼성역에서 버스 정류장도 가까움",신부 대기실에 생화 장식이 가득,None,"대관료 1300만원, 가격에 대한 언급 없음",직원들의 친절함과 전문적인 응대,연회장이 다른 층에 위치한 점이 아쉬움,300
223,신도림 라마다 하늘정원,웅장하고 전체적인 느낌이 좋음,"14만원, 밥이 맛있다는 후기가 많음",None,None,None,None,"2100만원, 성수기로 인해 가격 상승",None,견적이 많이 오른 것 같음,250
224,논현 더채플앳 라포레홀,압도적으로 예쁜 홀,"정가 식대 12만원, 할인가 9.57만원",주차가 어려움,None,None,None,"대관료 1,200만원, 할인가 891만원, 당일/현장 혜택 추가",None,주차가 어려움,270
225,강남 브라이튼하우스,"그리너리한 홀, 깨끗한 신축 건물","스테이크 + 뷔페 구성, 식대 8.9만원",None,"양재IC 근처, 지방에서 오기 좋음",None,"하루 3팀 진행, 각 팀 간 시간 간격 넉넉함","대관료 500만원, 할인 적용",한남동 직원들이 그대로 와서 프로페셔널함,"조감도 계약으로 홀을 못 보고 계약, 겨울식으로 푸릇함 걱정",100
226,문래 규수당,"어두운 홀, 넓은 로비와 신부대기실, 생화 장식","5만원대, 시식 후 만족도 높음",주차가 복잡할 수 있으나 인근 추가 주차공간 있음,None,"넓고 편안한 신부대기실, 쇼파와 의자 제공",단독홀로 덜 복잡할 것 같음,"대관료 200만원, 보증인원 150명에 적합",주차 도와주는 직원 배치,주차가 복잡할 수 있음,150
227,안양 빌라드지디,"밝고 화사한 분위기, 자연 채광이 풍부하며 화려한 크리스탈 샹들리에","식대 65,000원, 다양한 메뉴 구성 (한식/중식/양식/일식)","주차장이 작고 혼잡할 수 있음, 제2 주차장 안내 필요",None,None,하객 동선이 복잡할 수 있음,"대관료 7,520,000원, 부대시설 별도",주차요원이 아르바이트로 고용되어 직업의식 부족,"주차 혼잡, 주차요원 서비스 부족",200
228,명동 온즈드롬,"밝고 화사한 실내, 천장이 열리는 구조로 자연광이 들어옴","식대 66,000원, 음식 맛에 대한 자부심이 높음",None,명동역 도보 1분,None,None,"대관연출료 435만원, 플라워데코 350만원, 본식촬영 88만원, 합리적인 가격",직원이 음식에 자부심을 가지고 있음,None,200
229,부천 소풍컨벤션웨딩 베일리홀,"화사하고 예쁜 꽃장식, 대기 공간이 따로 있어 하객들과 섞이지 않음","정가 6.7만원, 할인가 5만원, 음식 다양하고 깔끔함",주말에 주차장이 혼잡할 가능성,None,신부 대기 공간이 따로 있음,하객들과 섞이지 않음,"대관료 430만원, 패키지 350만원",친절한 상담과 많은 혜택 제공,주말 주차 혼잡,200
230,안산 빌라드지디,None,"65,000원",None,None,None,None,대관료 600만원,None,None,200
231,용인 ict밸리,None,"식대 56,000원",None,None,None,None,대관료 340만원,None,None,200
232,대치 더채플,"새로 생긴 웨딩홀, 전체적으로 밝고 현대적인 분위기","정가 식대 132,000원, 계약가 식대 114,400원",None,None,None,None,"대관료 17,820,000원, 추가 비용 없음",친절하고 전문적인 상담,None,270
233,주안 그랜드하우스,None,"식대 48,000원",None,None,None,None,대관료 150만원,None,None,200
234,발산역 더베뉴지,"어두운 홀, 생화장식과 샹들리에가 예쁨","정가 80만원, 할인가 62만원","주차하기 어렵지 않음, 차량들이 줄서서 들어감",지하철역에서 5분 내외 접근 가능,None,None,"정가 800만원, 할인가 620만원","내부에 ATM 기계 있음, 연회장 가지수 많고 맛있음",골드타임에 스드메를 웨딩홀 연계로 해야함,150-200명
235,더베르지,None,9만원,None,None,None,None,"대관료 900만원, 식대 9만원",None,None,200
236,셀럽엔어셈,"밝은 홀, 돔 형태의 천장, 층고 약 6m로 차별화된 매력","정가 식대 97,000원, 할인가 식대 88,000원, 소인 50,000원",주차타워 이용 가능,언덕이 있어 대중교통 이용 시 하객 입장 어려움,"신부대기실 넓고 예쁜 편, 홀과 바로 연결된 구조",동선이 자연스럽고 편리함,"정가 대관료 13,500,000원, 할인가 대관료 10,017,000원","가족 대기 공간과 신부의 갈아입는 공간이 충분히 넓음, 포토테이블 공간과 혼주 및 신랑·신부 식사 공간 잘 갖춰짐","건설공사로 어수선한 느낌, 직계가족 촬영 공간 인테리어 호불호",250
237,라뷔포레,None,"72,000원",None,None,None,None,"대관료 530만원, 식대는 인원에 따라 변동 가능",None,None,100
238,삼성 노블발렌티,"밝고 층고가 높은 홀, 단독건물로 혼란 없음","10만원, 대관료 1300만원",주차장 잘 되어 있음,9호선 역에서 도보 5-10분,화사하고 넓은 신부대기실,하객맞이 공간 넓고 간결함,"800만원, 합리적인 가격",친절한 직원들,None,200
239,신도림 더세인트 파노라마홀,"밝고 예쁜 홀, 41층에서 야외 웨딩 느낌","한정식 세미뷔페 1인 110,000원, 웰컴드링크 1인 10,000원",현대백화점 폐업으로 주차 공간 널널,신도림역과 가까워 접근성 좋음,None,엘리베이터 대기 시간 있음,"대관료 26,000,000원, 할인가 정보 없음","웰컴드링크 제공, 전체적으로 만족스러운 홀","엘리베이터 대기 시간, 음식 구성 부족",200
240,바이더그린,공장이나 공터 느낌의 차가운 분위기,"식대 7만원, 대관료 600만원, 연출료 200만원, 플라워 450만원","건물 내 주차 가능 대수 20대, 주차 불가",None,None,None,"대관료 600만원, 연출료 200만원, 식대 7만원, 할인 혜택 적음","당일 계약 시 플라워샤워, 포토테이블, 웰컴보드 제공, 주차비 유료","주차 불가, 셔틀버스 추가 비용 발생, 혜택 부족",150
241,안산 빌라드지디 그레이스켈리홀,"밝고 화사하며 그리너리한 느낌, 신비로운 분위기","식대 9만원, 대관료 1200만원",주차 문제로 복잡할 것 같음,None,신부대기실과 홀로 이어지는 길이 아름다움,로비가 좁아 복잡할 가능성,"대관료 1200만원, 식대 9만원",상담 시 직원이 깔끔하게 설명해주어 만족스러움,주차 문제와 로비에 화환 반입 불가,200
242,강남 세인트 메리엘,"이쁜 어두운 홀, 넓은 연회장","9.8만원, 맛있는 식대, 130종 제공","150대 주차 가능, 인근 무료 2시간 제휴주차장 500대 이상",강남역 도보 6분,None,기둥이 있지만 이질감 없음,"980만원, 합리적인 가격",양가 혼주석 따로 세팅,연회장이 작고 비쌌던 다른 홀과 비교,250
243,광명 아이벡스 컨벤션,"고급스러운 분위기, 긴 버진로드와 높은 층고","식대 11만원, 뷔페로 진행",주차장 넓고 복잡하지 않음,"교통편이 좋음, 터미널이나 역과 가까움",신부 입장 시 대박인 분위기,단독홀로 하객 겹치지 않음,"대관료 1,500만원",None,실물을 못 보고 조감도만 보고 선택한 점이 걱정,None
244,송도 메리빌리아 셀레스메리홀,"예쁜 홀, 깔끔한 건물",운영진 공개,주차가 불편하다는 후기 있음,None,None,"동선이 좋음, 에스컬레이터로 간편하게 이동 가능","합리적인 견적, 서울 웨딩홀과 비교했을 때 비슷한 가격에 좋은 시간대",직원 친절하게 상담,"주차 불편, 예식 간격이 짧아 연출 사진 촬영이 빠듯할 것 같음",200
245,까사그랑데 센트로,"밝고 트여보이는 홀, 높은 층고와 통창으로 웅장함이 느껴짐","식대 85,000원, 전체적으로 깔끔하고 맛있음",주차 불편함 없음,역과 거의 연결되어 있어 접근성 좋음,None,None,"대관료 9,000,000원, 합리적인 가격으로 만족",None,"계단으로 내려올 때 넘어질까 걱정, 큰 벽이 아쉬울 수 있음",250
246,인천 그레이스파티,None,"66,000원",None,None,None,None,"대관료 450만원, 변동 가능성 있음",None,None,200
247,대전 루이비스 아모리스홀,"어두운 분위기, 고급스러운 느낌","정가 식대 6만원대, 음식 퀄리티가 기대 이상으로 맛있음",None,None,꽃 장식이 풍성하고 화사함,None,None,"신부 대기실에 신경을 많이 써줌, 예식 진행시간이 여유로움",None,200
248,인천 부평 그레이스인천,"밝고 화사한 분위기, 단독홀로 동선이 간결함","정가 90,000원, 할인가 77,000원, 맛있다는 평이 많음",None,"부평역 건물 내부에 위치, 대중교통 접근 용이","밝고 화사한 신부대기실, 사진 잘 나올 것 같음",간결함,"정가 800만원, 할인가 670만원",None,부평역이 넓어 길 안내가 필요할 수 있음,None
249,오목교역 로프트가든344,"밝은 홀, 특이한 입장 시스템과 2층 발코니가 있는 예쁜 홀","대관료 900만원, 식대 7.5만원",주차타워가 있어 주차 편리,"오목교역 바로 앞, 대중교통 접근성 좋음",신부가 계단을 내려와서 입장하는 시스템,단독홀로 하객과의 혼잡 없음,"대관료 900만원, 식대 7.5만원",None,"바닥이 마룻바닥, 남자친구가 마음에 안 들어함",150-200
250,안양 더파티움,None,"74,000원",None,None,None,None,"대관료 600만원, 식대 74,000원",None,None,100
251,인천 그레이스파티,None,"64,000원",None,None,None,None,"대관료 450만원, 식대 64,000원",None,None,200
252,상동 라비에벨 오페라홀,"웅장하고 고급스러운 분위기, 긴 버진로드와 높은 층고","600만원대, 6만원대, 음식 퀄리티 좋음","마트 주차장 이용, 주차 혼잡도 걱정",7호선 상동역 출구와 가까움,None,"단독 홀로 하객 섞일 걱정 없음, 이동 동선 편리","400만원대, 당일 계약 혜택으로 나쁘지 않음",None,주차 혼잡도 걱정,200
253,주안 그랜드하우스,"사랑스럽고 귀여운 하우스 웨딩 무드, 통창으로 자연광이 들어오는 따뜻한 분위기","정가 식대 63,000원, 음식 비주얼이 뛰어남","지하 1층부터 지상 6층까지 주차장, 편리함","1호선, 인천 2호선 주안역 바로 앞, 서울 접근성 뛰어남","예쁜 신부대기실, 통창과 꽃 장식으로 다양한 사진 촬영 가능","단독홀로 각 타임별 한 커플만 사용, 프라이빗한 식사 가능","정가 대관료 600만원, 가격에 대한 언급 없음","투어 만족, 당일 계약 완료",None,250
254,삼성 노블발렌티,"단독홀로 쾌적하고 전문적인 응대, 세 가지 컨셉의 플라워로 꾸며진 홀","정가 대관료 1300만원, 식대 10만원, 최종 1100만원, 1인 식대 97000원",발렛 주차 가능,None,신부대기실과 연회장이 각기 다른 색감의 꽃으로 꾸며짐,하객이 섞이지 않고 쾌적함,"할인받은 최종 가격 1100만원, 식대 97000원","전문적인 직원 응대, 웰컴푸드 맛있음, 하객에게 커피 반입 허용",코스요리로 아이 인원도 성인 1인과 같이 측정됨,300
255,논현 빌라드지디,동화 속 결혼식 같은 예쁜 분위기,"식대 12만원, 음식 종류가 많고 먹음직스러움",None,None,None,하객식사 자리 동선이 애매함,"대관료 2200만원, 부대시설 별도","쉐프와 1:1 미팅으로 간 조절 가능, 플라워 미팅으로 원하는 꽃 조율 가능",신랑쪽은 가깝고 신부쪽은 멀어 하객 동선 문제,250
256,인천 그랜드오스티엄>블리스홀,"전체 조도가 낮고 은은한 조명, 고급스럽고 차분한 분위기","대관료 500만, 식대 6만 5천원","4000대 이상 주차 가능, 3시간 무료주차",None,"준비물 알차고 편의성 높음, 보조 신부대기실 마련",동선이 훌륭하고 간결함,"대관료 200만, 식대 5만 7천원으로 합리적","하객 메시지 전달 서비스, 포토부스 제공",None,200
257,다르미앙,"야외 컨셉으로 천장 조명이 없는 분위기, 여유로운 공간","대관료 5,000,000, 식대 88,000 ~",주차 공간 넉넉함,근처 역이 있어 도보로 접근 용이,신부대기실 오픈되어 있어 부담스러울 수 있음,하객이 많아지면 복잡할 수 있음,업체 계약조건 상 공유 불가,친절한 상담과 여유로운 대관시간 제공,"천장 조명이 없어 아쉬움, 하객 수에 따른 복잡함 우려",150
258,웨스턴베니비스,None,7만원,None,None,None,None,"대관료 600만원, 인원과 견적 변동 가능",None,None,100
259,용인 ICT밸리 컨벤션,높은 층고와 개방감이 느껴지는 고급스러운 홀,"식대 68,000원, 부모님 모두 만족","넓은 주차장, 주말에 여유 있는 주차 공간",None,넓고 포토존이 마련된 신부대기실,하객 동선이 자연스럽고 붐비지 않음,"대관료 6,500,000원, 합리적인 가격","친절한 상담 경험, 부담 없는 분위기",None,250
260,강남 라움아트센터,"야외예식이 가능한 서울 중심의 독특한 공간, 폰드가든이 귀여운 분위기","식대 12.4만원, 맛있다는 소문",충분한 주차 공간,서울역 및 수서역에서 접근 용이,None,None,"대관료 3000만원, 합리적이라고 판단",비 소식 시 실내로 변경 가능,"플라워 추가금 예상, 원하는 레퍼에 따라 1000만원 이상 필요",300
261,대치 노블발렌티,"어두운 홀과 밝은 홀 두 가지 느낌을 동시에 낼 수 있는 분위기, 리뉴얼된 화사하고 발랄한 무드","정가 9.8만원, 할인가 9.6만원, 핑거푸드 퀄리티 좋음",주차 편리함,None,"신부대기실 리뉴얼 예정, 화이트 톤",300명 수용 시 하객들이 서서 보아야 할 가능성 있음,"정가 1,200만원, 할인가 1,120만원",None,"홀이 좁아 하객들이 북적일 수 있음, 테이블 촛불 모형으로 시야 확보 어려움",300
262,수서 빌라드지디,"좁고 긴 의자, 밝은 홀, 하우스 웨딩 느낌","식대 99,000원, 뷔페 퀄리티 좋음","주차가 어려워, 셔틀 이용 필수",수서역에서 셔틀 이용 필요,신부대기실 거의 없음,하객들 층 이동이 잦음,"대관 및 필수옵션 20,990,000원, 합리적인 가격",None,"주차 불편, 좁은 연회장, 엘리베이터 사용 필요",200
263,인천 부평 그레이스파티,"9m 높은 층고와 24m 긴 버진로드, 화려한 조명으로 깔끔하고 넓은 공간","정가 식대 8만원, 대관료 85만원, 음식 종류가 많고 신선함",주차 안내요원이 잘 안내하여 주차가 편리함,"부평역 근처, 안내표지판이 잘 되어 있어 접근성은 괜찮음",넓고 깔끔한 신부대기실,로비가 탁 트여 있어 하객 동선이 원활함,예산 내에서 합리적인 견적을 받아 계약,None,"외관이 마음에 들지 않음, 하객들이 부평 지하에서 찾기 힘들 수 있음",200
264,안양 더파티움,"이쁜 홀, 실물이 사진보다 더 매력적임","식대 95,000원, 양갈비 포함된 식사에 대한 긍정적인 후기",넓고 많은 주차 공간,None,"5층 신부 대기실, 취저",None,"대관료 16,000,000원","지인의 추천으로 방문, 식사에 대한 믿음이 생김",현재는 없음,None
265,부천 강서 루이비스컨벤션,"밝은 단독홀, 넓고 탁 트인 개방감",식사 후기가 좋음,None,부천에서 가까움,None,None,None,상담이 유쾌하고 대기 시간이 짧음,조감도만 공개되어 실제 홀을 볼 수 없음,None
266,여의도 더파티움,None,"식대 62,500원",None,None,None,None,대관료 460만원,None,None,200
267,인천 그랜드오스티엄 CMCC홀,"층고가 높고 고급스러운 단정함, 예식 분위기가 웅장하고 담백함","대관료 650만원, 식대 6만5천원","4000대 이상 주차 가능, 3시간 무료",버스 접근성 좋음,"넓은 신부대기실, 가족을 위한 휴식자리와 락커룸 제공",동선이 헷갈리지 않고 하객들이 편안하게 식사 가능,"대관료 270만원, 식대 5만7천원으로 합리적","페이징 벨, 핑거푸드, 인생네컷 포토부스 등 세심한 서비스 제공",None,300
268,공덕 아펠가모,"밝고 은은한 톤의 홀, 전체적인 분위기와 버진로드가 예쁨","음식 비주얼이 뛰어나고, 갈비로드가 매력적이며 맛있다는 평가가 많음",주차가 수월함,"공덕역에서 3개 호선이 지나가는 역세권, 대중교통 이용 시 편리함",None,None,정찰제 느낌으로 금액이 매니저마다 달라지지 않음,"사전 정보가 많아 편하게 비교 가능, 제휴 업체 팜플렛 제공",인기 많은 만큼 기대치가 높아 걱정됨,None
269,강남 브라이튼하우스,"밝고 화사한 실내, 천장에 꽃과 샹들리에가 아름다움","식대 89,000원, 한남점 셰프팀이 그대로 옮겨와 음식 퀄리티 기대됨",차량 발렛 서비스 제공,역 근처에서 셔틀버스 운영,None,None,"대관료 500만원, 디렉션 300만원, 플라워 770만원",None,"겨울 예식으로 푸릇한 느낌이 덜할 것 같음, 실내 온도 걱정",150
270,"인천 라마다 송도, 다빈치홀","어두운 분위기와 높은 층고, 고급스러운 느낌","대관료 400만원, 식대 6만원",주차 무료,"동춘역과 가까움, 셔틀버스 운영","넓고 분위기 있는 신부대기실, 꽃 테이블 있음",간결함,"대관료 200만원, 식대 5만원대 (할인 적용)","친절한 직원, 고화질 모니터로 실시간 예식 관람 가능",None,250
271,서울 포시즌스 호텔,"아담하고 아늑한 느낌, 통창으로 채광이 들어오는 신부대기실","성수기 기준 19만원, 대관료 무료, 웨딩 무대 및 로드 450만원",None,None,"넓고 예쁜 신부대기실, 통창 너머 외부 간판이 보임",상담 중 하객의 출입으로 아쉬움,기본 견적은 괜찮으나 추가금 발생 가능성 있음,상담 대기 중 길어져서 아쉬움,"주말 시위로 인한 교통체증 우려, 추가금 발생 가능성",250
272,대전 루이비스컨벤션 아모리스홀,"깔끔하고 은은한 분위기, 고급스러운 인테리어",맛있고 다양한 음식 제공,주차가 넉넉함,None,None,하객동선이 복잡하지 않음,None,예약실 선생님들이 친절함,None,None
273,신도림 더세인트,"예쁜 홀, 깔끔한 분위기",None,주차공간 넉넉함,대중교통 접근성 좋음,None,웨딩 동선 잘 분리되어 편리함,합리적인 견적,친절하고 전문적인 상담,어르신들의 동시예식에 대한 불호,250
274,영등포 더베르g(더베르지),"밝은 홀, 숲 속의 느낌을 구현한 예쁜 홀","식대 11만원, 주류 무제한 제공","주차 편리, 주말에는 널널함","대중교통 접근 용이, 도보 이동 편리, 셔틀 운영",None,"하객 동선 효율적, 출입구 2개로 편리함","대관료 1,600만원","직원 친절하고 상세한 설명, 하객 입장에서 설계된 홀",None,250
275,분당앤스퀘어 컨벤션홀,"어두운 분위기의 정석적인 컨벤션홀, 세련되고 깔끔한 인테리어","식대 70,000원(정가), 60,000원(할인가), 퀄리티 좋은 뷔페","지하 주차장, 총 1,500대 주차 가능","수인분당선 오리역 도보 5분, 분당 IC 근처",혼주룸 따로 있음,복잡할 수 있으나 홀 예식 시간 조절로 완화 가능,"대관료 7,500,000원(정가), 4,000,000원(할인가), 합리적인 가격",전문적인 상담 및 홀 투어 진행,한 층에 홀 두 개로 혼잡할 가능성,200
276,강남 라온제나,"깔끔한 로비와 아기자기하게 꾸며진 홀, 신부대기실 통창으로 사진 잘 나옴","대관료 770만원, 식대 7만원",건물 내 주차대수 넉넉함,지하 주차장에서 1층에서 갈아타야 함,통창 신부대기실,기둥이 있지만 현수막으로 이벤트처럼 보임,"대관료 300만원, 식대 5.5만원으로 가성비 좋음",None,"협소한 엘리베이터, 연회장이 다른 층에 위치",200
277,인천 그레이스파티 단독홀,"넓은 로비와 화려한 샹들리에, 어두운 홀 분위기","대관료 6,500,000원, 식대 75,000원, 음식 퀄리티 좋음",총 3곳에 1000대 가량 주차 가능,"1호선 부평역사 5층, 역사 내 위치","넓고 화려한 신부대기실, 바로 입장 가능",하객 동선 간결함,"대관료와 식대 할인, 합리적 가격","친절한 상담, 무료 취소 가능","조감도만 보고 계약해야 하는 불안감, 후기 부족, 축가 소리 문제",None
278,강남구 논현로 호텔 엘리에나,"고급스럽고 예쁜 5F 그랜드블룸, 준야외 느낌","정가 138,000원, 할인가 89,000원",None,None,None,None,"대관료 8,250,000원, 총 가격 46,145,000원","친절한 상담, 디테일한 신경",300명의 보증인원과 높은 가격 부담,300
279,논현 더채플앳 라포레홀,"밝은 화이트톤 인테리어로 넓어 보이는 느낌, 천고가 높음","식대 99,000원, 맛있기를 희망","주차장이 넓지 않음, 대중교통 이용 권장",None,신부 입장 시 계단이 높아 조심해야 함,길게 뻗은 구조로 착석하지 못할 하객이 있을 수 있음,"대관료 12,000,000원, 비싼 식대",None,"공간이 길게 뻗어 북적일 가능성, 비싼 식대",270
280,서울 앰버서더 풀만 호텔 그랜드볼룸,"어두운 홀, 화려한 꽃장식, 디즈니 느낌의 분위기","식대 15만원, 총 대략 7900만원",None,None,None,스크린 2개로 하객들이 잘 볼 수 있음,"할인가 식대 13만5천원, 대관료 440만원, 총 대략 6900만원",호텔 1층 로비 미디어월에 신랑신부 사진 띄워줌,낮은 천고,300
281,여의도 웨딩여율리,"생화로 가득한 화사한 분위기, 향기 좋은 홀","95,000원, 음식 맛있기로 소문남",주차와 동선이 합리적,여의도역과 가까움,꽃장식이 예쁜 신부대기실,None,"1,100만원, 잔여타임 할인 적용",친절한 상담과 꼼꼼한 견적 조정,"휴게 공간 협소, 낮은 층고가 아쉬움",200
282,CN웨딩홀 계산점,"깔끔하고 고급스러운 분위기, 넓고 천고가 높은 홀",None,"주차요원 배치, 체계적으로 관리되어 주차 편리",None,"넓고 여유로운 신부대기실, 화려한 꽃 장식과 조명 배치",하객 동선이 잘 관리되어 편리함,None,직원들의 친절한 응대와 꼼꼼한 안내,계약 당시 홀을 보지 못한 점,None
283,여의도 더베르G,"밝고 하우스웨딩 느낌, 곡선으로 된 버진로드","11만원, 만족스러움",None,주차와 교통 모두 만족스러움,None,None,"대관료 및 꽃장식 1,600만원",신상 홀로 여러 의견을 빠르게 반영하고 개선 중,본식 후기가 많지 않아 걱정됨,250
284,수원 이비스 호텔,"고급스러운 외관과 웅장한 홀, 편안한 분위기","정가 식대 99,000원, 할인가 식대 84,150원, 맛있는 식사와 다양한 디저트",주차 공간 부족 우려,지하철역과 매우 가까움,예쁘고 브라이덜샤워 공간이 마련됨,두 개의 층으로 분리되어 하객 동선이 간결함,"대관료 및 꽃장식 정가 15,000,000원, 할인가 9,750,000원",혼주 라운지가 넓고 편안함,주차 공간 부족에 대한 걱정,200
285,논현 더채플 라메르홀,"넓고 답답하지 않은 홀, 리뉴얼된 신부대기실","7.2만원, 깔끔한 느낌",발렛 주차만 가능,None,"리뉴얼된 신부대기실, 메리트 있음",손님 모시기에 걱정 없음,"690만원, 합리적인 가격",None,돌아갈 때 셔틀을 타고 발렛 장소로 가야함,250
286,논현 더 채플 앳 라포레홀,"밝은 홀과 채플홀의 조화, 특유의 분위기가 좋음","대관료 1,200만원, 식대 12만원",주차장이 협소하나 발렛 서비스 제공,None,None,손님이 거의 섞일 일이 없음,"대관료 1,130만원, 식대 11.3만원",None,"홀 크기가 최소 보증인원에 비해 작음, 주차 공간 협소",300
287,역세권 온즈드롬,"천정개폐 가능, 유리창 사이로 들어오는 자연광이 아름다움","식대 66,000원, 고급스러운 식사 대접",None,"대중교통 편리, 역세권",꽃을 커스텀하여 꾸밀 수 있는 점이 매력적,식물원처럼 푸르름이 가득하여 사진 촬영에 적합,"대관료 435만원, 꽃장식 300만원, 본식촬영 88만원",None,"날씨에 대한 걱정, 비 오는 날의 진행에 대한 우려",200
288,신도림 웨스턴베니비스,"어두운 홀, 적당한 층고, 여유 있는 좌석","식대 7만5천원, 대관료 750만원",주차공간 여유 있음,신도림역과 가까움,신부대기실에 화장실이 있어 편리함,이동 동선이 깔끔하고 편리함,None,상담이 친절하고 충분한 시간 제공,층고가 낮다는 후기가 많음,170
289,강남 르비르모어,"밝은 컨벤션홀, 천고 5m로 낮은 편이나 넓고 트인 느낌","108,000원, 뷔페 종류 다양하고 육류와 디저트가 강점",주차장 출입통로가 좁음,"강남 선릉역 초역세권, 대중교통 접근성 좋음","넓고 화사한 신부대기실, 생화장식이 예쁨","동선 편리, 예식장과 연회장 간 에스컬레이터 이용 가능","대관료 14,000,000원, 식대 108,000원",None,층고가 낮고 주차장 출입통로가 좁음,250
290,JK아트컨벤션 아트리움홀,"식장에서 바로 나오자마자 식당으로 가는 동선이 좋고, 전체적으로 밝고 쾌적한 분위기","식대 76,000원(VAT 포함), 음식 가짓수 많고 퀄리티 좋음",None,None,None,동선이 좋음,"대관료 5,000,000원, 생화장식 4,000,000원",상담해 주시는 매니저님이 매우 친절함,개인적인 사정으로 계약을 못한 점이 아쉬움,200
291,용산 로카우스 호텔,"세련된 분위기, 어두운 홀","정가식대 11만원, 할인가 8.91만원, 양식코스 비쌈",예식당일 하객 3시간 주차권 제공,용산역 도보 1분,신부대기실 다과 세팅 제공,None,"대관료 440만원에서 무료, 꽃장식 1100만원에서 996만원으로 할인","군가족할인, 웨딩메뉴 2인 시식, 레지던스 스위트 1박+조식 2인 포함","꽃장식 고정, 화이트홀 변경 시 추가 비용 220만원, 개인적 선호와 다름",150
292,대전 팔레드오페라 트리아농홀,"밝은 야외 분위기, 천장이 높고 고급스러운 톤",음식 평이 좋고 시식 후기 만족도 높음,None,None,대기실이 넓고 다른 팀과 분리되어 있어 편리함,동선이 깔끔하여 하객 이동이 편리함,None,부모님의 긍정적인 의견이 결정에 큰 영향을 미침,None,None
293,청담 더채플앳,None,"97,000원",None,None,None,None,"대관료 823만원, 식대 97,000원",None,None,200
294,청담 더채플앳 채플홀,"경건하고 단아한 채플스타일, 우드톤의 따뜻한 분위기",11만원,주차에 대한 언급 있음,None,None,None,홀 1100만원,None,주차 문제,300
295,인천 그랜드오스티엄 블리스홀,"따뜻한 캔들 연출과 차분한 분위기, 고급스러운 플라워 세팅","대관료 500만원, 식대 6만원, 할인가 대관료 200만원, 식대 5만원대","4000대 이상 주차 가능, 3시간 무료주차",None,"신부대기실에서 예식 진행 체크 가능, 비상 준비물 세팅",동선이 편리하고 간결함,가격이 합리적이고 다양한 혜택 제공,"인생네컷 포토부스, 빨간 우체통 이벤트 등 하객을 위한 다양한 서비스",아쉬운 점 없음,200
296,강서 루이비스,None,"76,000원",None,None,None,None,"대관료 690만원, 식대 76,000원",None,None,200
297,영등포 더베르G,"밝은 가든홀, 곡선으로 꺾인 버진로드, 생화가 많이 사용되어 꽃 향기가 좋음","식대 11만원, 계열사 식당들이 믿을만하다는 소문",None,"영등포역 근처, 지방하객 접근성 고려","신부대기실이 안쪽에 위치, 베르아일 통로가 예쁨",하객맞이 공간이 아치로 꾸며져 있어 좋음,대관료+꽃장식 1600만원,사회자 진행이 차분하고 만족스러움,"신부대기실 위치가 안쪽에 숨어있음, 혼주 락커 아쉬움",200
298,신도림 더링크 베일리홀,"압도적인 꽃장식과 쾌적한 새건물, 넓은 인사 공간","정가 식대 13만원, 할인가 식대 9.4만원",하객 1시간 30분 주차 제공,"신도림역에서 도보 가능, 셔틀버스 운영",혼주들은 별도의 룸에서 한상차림으로 식사,통행이 원활하고 복잡하지 않음,"대관료 2500만원, 할인가 1200만원",상담 직원에 대한 불만은 있었으나 개인적으로는 만족,"높은 비용, 주차 시간 제한",200
299,소공동 롯데호텔 서울,"고급스럽고 우아한 어두운 홀, 크리스탈볼룸과 넓은 로비","웨딩메뉴 15만원, 꽃장식 1650만원, 대관료 2200만원, 무대장식 660만원, 신부대기실 330만원",혼주 무료발렛 제공,"시청 근처, 교통 문제 우려","아테네가든, 동화같이 예쁜 신부대기실",넓은 로비로 하객 맞이 용이,"식대할인 없음, 신부대기실 및 꽃장식 추가 비용 발생","예식당일 스위트룸 제공, 리무진 픽업, 호텔 서비스 제공 특전 풍성","식대할인 없음, 추가 비용 발생, 교통 문제 우려로 계약 미체결",300
300,수원 파티움하우스,"밝고 화사한 하우스웨딩 느낌, S자 곡선 버진로드","식대 6.9만원, 뷔페 운영, 고급스러운 메뉴 구성","수원시청역 바로 앞, 직원 안내 잘 이루어짐",수원시청역 바로 앞,"신부대기실 사용 불가, 아쉬움",하객석 의자 여유 공간 충분,"대관료 700만원, 합리적인 가격","혼주 식사룸 별도, 카페 공간 제공",신부대기실 사용 불가,None
301,인천 그레이스파티,None,"73,000원",None,None,None,None,"대관료 550만원, 변동 가능성 있음",None,None,200
302,광명무역센터컨벤션,"어두운 홀, 은하수 같은 느낌","9만원, 뷔페가 맛있음",None,"광명역 근처, 접근성 애매함",None,단독홀이라 붐비지 않음,"대관료 1200만원, 할인가 720만원",None,"광명역 바로 앞이 아님, 신부입장 시 배경 조화가 예쁘지 않음",300
303,삼청각 일화당,"한옥 감성의 아름다운 분위기, 자연잔디로 조성된 야외 공간","정가 식대 17만원, 할인가 식대 14만원, 떡갈비와 소고기 포함","넓은 주차장, 주차 도와주는 요원 상주","한성대입구역과 안국역에서 셔틀버스 운영, 15-30분 간격","야외 신부대기실, 나무 그늘로 사진 촬영 어려움",하객 동선이 복잡할 수 있음,"대관료 1500만원, 꽃 1500만원, 총 견적 5000만원 이상",당일 계약 특전으로 플라워아치 및 웰컴드링크 할인 제공,"셔틀 대기 시간, 하객의 교통 불편, 버진로드 짧음, 해를 정면으로 보게 되는 위치",200
304,부천 라비에벨,층고가 높고 버진로드가 길어 웅장한 느낌,"72000원, 음식 종류와 퀄리티가 괜찮음",주차타워와 함께 주차 가능,None,가족사진을 찍을 별도의 공간이 마련되어 있으나 만족스럽지 않음,None,"890만원, 할인가 590만원","당일 계약 혜택, 답례품 교환처 마련",가족사진 공간이 별로 마음에 들지 않음,200
305,강서 루이비스,None,"62,000원",None,None,None,None,"대관료 240만원, 식대 62,000원",None,None,200
306,인천 그레이스파티,None,"69,000원",None,None,None,None,대관료 550만원,None,None,200
307,삼성 노블발렌티,"깔끔하고 밝은 홀, 환하고 이쁨","정가 식대 10만원, 할인가 식대 9만3천원",None,"엘리베이터 2대, 혼잡할 가능성 있음",None,혼잡할 가능성 있음,"대관료 300만원, 비수기와 비슷한 가격으로 할인",상담실장님의 친절한 설명,"식대가 비쌈, 엘리베이터 수 부족으로 혼잡 우려",200
308,강서 루이비스 컨벤션,"밝고 깔끔한 홀, 층고 7M, 넓은 공간감","88,000원, 루이비스의 식사 품질에 대한 신뢰","지하 2층부터 6층까지 주차 가능, 불편할 수 있음",None,None,넓은 연회장으로 하객 수용에 용이,"1200만원, 저렴한 견적",None,"주차장 위치 불편, 조감도 계약으로 인한 걱정",250
309,삼성역 그랜드힐 컨벤션,None,"정가 식대 99,000원, 할인가 식대 79,300원",하객 주차지원 3시간,None,None,모든 하객이 1층을 거쳐서 올라가야 함,"대관료+플라워 등 1,200만원, 할인가 800만원",당일계약 특전이 아쉬움,하객 동선이 복잡할 가능성,250
310,중구 루이비스 웨딩홀,"어두운 홀, 위치가 좋음","대관료 850만원, 식대 85,000원, 뷔페 맛있다는 소문",None,"충정로역 2호선, 5호선, 서울역 근처",신부 입장 방식이 특이함,"연회장이 8층으로 이동해야 하며, 다른 팀과 섞여 번잡스러움","대관료 600만원, 식대 75,000원 (본식스냅 및 추가 비용 별도)",예약 상담이 어렵다는 점,"식장이 좁고, 신부 입장 방식이 호불호가 갈림",250
311,웨딩여율리,None,"74,000원",None,None,None,None,"대관료 470만원, 인원과 견적 변동 가능",None,None,200
312,강서 루이비스,None,"식대 66,000원",None,None,None,None,대관료 570만원,None,None,200
313,인천 그레이스파티,"어두운 홀에 반짝거리는 분위기, 깔끔한 리뉴얼","식대 8.5만원, 음식 퀄리티 좋음",1000대 주차 가능,None,생화로 장식된 신부대기실,동선이 간결하고 복잡하지 않음,대관료 800만원,None,건물은 오래된 건물,200
314,아이벡스컨벤션,None,8만8천원,None,None,None,None,대관료 900만원,None,None,300
315,라브르에드니아 더나노주,None,12만원,None,None,None,None,"대관료 1200만원, 식대 12만원",None,None,200
316,왕십리 디노체 컨벤션,"어두운 홀에 높은 층고, 웅장함이 느껴짐","정가 70,000원, 할인가 66,000원, 무난한 뷔페",None,왕십리역에 위치,"신부 대기실이 심플하고 넓음, 다양한 입장 루트 제공",하객 동선이 겹칠 일 없음,"정가 700만원, 할인가 450만원",None,엔터식스 몰 안에 위치해 일반 손님들과 섞이는 점이 아쉬움,200
317,루클라비더화이트,None,"식대 93,000원",None,None,None,None,대관료 770만원,None,None,200
318,강서 루이비스,"밝은 단독홀, 높은 층고, 한쪽에만 통창이 있는 쾌적한 분위기","정가 식대 8.8만원, 루이비스의 식사가 맛있기로 유명","넉넉한 주차공간, 지하주차장 1층~6층, 추가 주차공간 도보 5분 거리",가양역 1분 거리,신부대기실에서 바로 신부입장 가능,이동 동선 깔끔하고 쾌적함,"대관료 1200만원, 오픈 전 계약으로 할인 적용",None,"상가 건물로 혼잡할 가능성, 조감도 계약에 대한 걱정",200
319,대치 더채플앳,"밝은 홀 느낌, 몽환적인 분위기","대관료 17,820,000 / 식대 132,000",주차공간 충분,None,작은 공간에 마련된 신부대기실,None,"대관료 8,624,000 / 식대 96,800, 저렴한 가격으로 상담 가능",단독대관으로 여유 있는 대관시간,메인홀 버진로드가 짧고 신부대기실이 작은 형태,230
320,인천 그레이스파티,None,"72,000원",None,None,None,None,"대관료 600만원, 인원과 견적 변동 가능",None,None,200
321,신사 더컨벤션,"세련되고 고급스러운 분위기, 화이트톤의 신부대기실과 통일감 있는 연회장","13만원, 후기가 좋음",None,신사역 도보 가능,화이트톤에 은은한 포인트로 분위기가 좋음,아담한 홀 사이즈로 답답할 수 있음,"1540만원대, 할인가 1060만원",None,홀 사이즈가 작아 보증인원 기준으로 답답할 수 있음,300
322,인천 그랜드오스티엄 CMCC홀,"넓고 시원한 느낌의 4층 단독홀, 야외 테라스가 감성적임","정가 식대 6만5천원, 할인가 5만7천원, 음식 후기가 좋음","4천 대 이상 수용 가능, 3시간 무료 주차","역과 근접, 버스 이용 가능","넓고 편리한 신부대기실, 가족 대기 공간과 락커룸 있음",동선이 잘 분리되어 있어 이용하기 좋음,"대관료 650만원, 할인가 270만원","페이징 벨, 핑거푸드 등 세심한 서비스 제공, 혼주석에 스테이크 코스 제공",None,300
323,웨딩여율리,None,"76,000원",None,None,None,None,"대관료 430만원, 변동 가능성 있음",None,None,200
324,강서 루이비스,"층고가 높고 버진로드가 길어보임, 단독홀로 하객 섞일 일 없음","88,000원, 루이밥스라는 이름으로 유명함",None,"엘리베이터 3대 이상 운영, 하객들이 편하게 이동 가능",None,헷갈리지 않고 편리할 것으로 예상됨,"대관료 12,000,000원, 신상 홀로 비용 메리트 있음",계약 후 시식 가능,조감도대로 잘 나오길 바람,230
325,삼성 노블발렌티,"밝고 따듯한 화이트앤그린 톤, 생화 장식이 우아함을 더함","10만원, 깔끔하고 맛있음","봉은사역 근처, 주차 걱정 없음",봉은사역에서 매우 가까움,사랑스러운 분위기의 생화 장식,2개 층으로 나눠져 동선 가이드가 용이함,"1300만원, 가성비 좋은 계약","친절한 상담실장님, 추가 비용 없는 생화 장식",None,250
326,여의도 웨딩여율리,"은은하면서도 웅장한 분위기, 화이트·그린 톤의 플라워 스타일링","대인 95,000원, 소인 45,000원, 음료 7,000원, 제철음식 포함",None,None,생화로 꾸며져 있으며 채광이 좋음,홀과 연회장이 다른 층에 위치해 동선이 불편할 수 있음,"대관료 11,000,000원, 플라워 장식 및 혼구용품 포함",친절한 상담과 동선 안내,홀과 연회장 층이 달라 하객 동선 불편,250
327,연대동문회관 예식장,무난하고 가까운 분위기,"식대 7만5천원 + 4천원(주류), 예식진행 100만원, 꽃장식 400만원",None,None,None,None,"기부금 50만원 내면 동문할인, 뷔페 10%, 예식진행 70만원, 꽃장식 350만원",식사가 조금 바뀐다고 함,꽃장식이 다른 곳에 비해 적음,250
328,수원 wi컨벤션,None,"69,000원, 맛있다는 평이 많음",경기장으로 주차대수 걱정 없음,None,None,None,"620만원, 평일 운영으로 할인 혜택 있음",None,경기 일정으로 인한 걱정,150
329,송파 문정 루이비스,"호텔 같은 분위기, 샹들리에가 독특하고 생화 향이 좋음","7만8천원, 음식 종류 다양하고 신선함",None,"문정역에서 10분 거리, 셔틀 있음",None,None,"대관료 800만원, 5만7천원으로 저렴함",계약 담당자가 친절하고 다양한 시간대 견적 제공,전철역에서의 거리,250
330,크레스트72,None,"식대 121,000원(뷔페), 132,000원(코스)",None,None,None,None,"대관료 16,500,000원, 할인가 대관료 15,000,000원",커스텀 옵션이 좋음,높은 견적,250
331,라시따시어터,None,"정가 식대 11만원, 할인가 식대 9만3천원",None,None,None,None,"대관료 15,000,000 원, 할인가 대관료 480만원",원판스냅 필수 150만원,"원하는 날짜가 없어 계약하지 않음, 공휴일 다음날만 가능",200
332,광명 아이벡스컨벤션,"어두운 홀에 높은 층고(11m), 호텔 예식 분위기","식대 11만원, 뷔페로 진행, 맛있음",None,"광명역 KTX, 도보 2분 거리","신부대기실은 밝은 느낌, 복도 조감도 예쁨",하객 대기 공간이 야외 정원으로 마련되어 있음,"대관료 1,500만원","친절한 상담, 신상 웨딩홀에 대한 믿음","실물을 보지 못해 아쉬움, 조감도만으로 결정",None
333,원남교당,공간이 크고 웅장한 분위기,"뷔페 인당 80,000원, 식사금액 76,000원으로 할인",None,None,None,None,"대관료 1,950만원, 할인가 1,750만원, 합리적임","하루에 한 팀만 결혼식 진행, 상담 담당자가 친절함",None,250
334,강남 루클라비 더화이트 웨딩홀,밝고 높은 층고의 육각형 홀,정가식대 13만원,"주차 문제 있음, 내년까지 보완 예정",None,"신부 대기실 6m, 로비 7m, 홀 8m로 높은 층고",None,"예산보다 약간 초과, 당일 계약 혜택 있음","신생홀로 피드백을 반영하여 보완 중, 다과상 제공",주차 문제,200
335,수원 리츠호텔,None,"76000원, 할인가 73000원",주차 걱정됨,None,None,None,"대관료 520만원, 할인가 180만원",None,주차 문제,200
336,소피텔,"고급스럽고 우아한 분위기, 넓어 보이는 공간과 높은 천장","식대 15만원, 꽃장식 23만원",주차 넉넉함,"잠실, 주말에 약간의 교통 혼잡",None,하객 동선이 괜찮고 안내가 잘 되어 있음,"약 5000만원대 계약, 아이웨딩 통해 저렴하게 진행","소피텔 담당자 친절, 상담 과정이 편리함",None,200
337,루이비스,None,"74,000원",None,None,None,None,"대관료 530만원, 식대 74,000원",None,None,200
338,더세인트,None,"83,000원",None,None,None,None,"대관료 989만원, 변동 가능성 있음",None,None,300
339,엘타워(ELTower) 그랜드홀,"여성스러운 무드와 웅장한 무드가 공존하는 홀, 높은 층고","정가 식대 14만원, 할인가 식대 11.5만원",주차 편의성이 우수,지하철역과 바로 연결되어 있어 하객 교통 접근성이 뛰어남,None,1층에서 하객 동선이 겹칠 수 있어 복잡함,"정가 총 6천 5백만원, 할인가 총 5천 3백만원","기본 플로럴이 잘 되어 있으나, 꽃장식을 커스텀할 수 없음","하객 동선 겹침, 꽃장식 커스텀 불가",300
340,안성 더AW웨딩컨벤션,"적당히 격 있고 편안한 예식장, 화이트톤 중심의 청순하고 깨끗한 느낌","시식 가능, 하객들이 밥 맛있었다고 언급",동시 800대 주차 가능,None,None,"동선 겹침이 없고, 1층과 4층으로 분리되어 있음","대관 100만원, 스드메 150만원 이벤트 진행 중",로비가 깔끔하고 하객들이 쉴 수 있는 테이블 제공,캐주얼하고 자연스러운 느낌은 아님,None
341,반포 jw메리어트반포(반리엇),"단독홀 구조로 여유로운 동선, 전체적인 플로럴 연출이 매우 완성도 높음","정가 식대 187,000원, 할인가 식대 168,300원, 꽃장식 19,800,000원, 대관료 40,000,000원",백화점과 주차 공간 공유로 혼잡할 수 있음,None,신부대기실과 본식홀의 플로럴 연출이 우수함,동선이 여유롭지만 복잡할 수 있음,"총 8천만원, 대관료 무료",전반적인 서비스 품질 기대 이상,"주차 문제로 혼잡, 하객 동선 복잡",300
342,세인트메리엘,"화려한 꽃장식과 고급스러운 분위기, 층고가 낮고 좁아 답답한 느낌","8.5만원, 음식 평이 괜찮음",None,None,신부대기실 크고 깔끔함,비교적 편리함,"850만원, 다양한 당일계약 혜택 제공","친절한 매니저, 추가 혜택 유연하게 대응","전체적으로 답답하고 좁은 느낌, 개방감 부족",200
343,인천 그레이스파티,"층고가 높고 어두운 홀, 압도적인 분위기, 불빛 조명으로 밝은 느낌도 있음","정가 8.5만원, 할인 견적 7.2만원, 메뉴 구성과 라인업 만족",None,None,"넓고 화장실이 있으며, 히든도어로 신부 입장이 가능",하객 동선이 간결하고 어려움 없음,"정가 800만원, 할인 견적 600만원","서브 신부대기실과 혼주룸 별도 제공, 코스요리 제공",홀 패키지가 없음,250
344,더컨벤션,None,9만원,None,None,None,None,"대관료 940만원, 변동 가능성 있음",None,None,200
345,강동 루벨,None,"식대 82,500원",None,None,None,None,대관료 605만원,None,None,200
346,인덕원 바이더그린,"감각적인 스타일링과 여유로운 분위기, 3층 테라스와 2층 실내 폴딩도어로 다양한 관람 가능","식대 72,000원, 드마리스 브랜드 케이터링 뷔페, 평이 좋음","건물 내 20대 주차 가능, 인근 공영주차장 150대, 셔틀 신청 가능","인덕원역에서 차로 7분 거리, 셔틀 신청 가능",None,"여유로운 동선, 하객들에게 음료 제공","대관료 650만원, 디렉팅 200만원, 꽃장식 450만원, 할인가 70,000원","당일 계약 혜택, 3개월 전 미팅 진행",일반 웨딩홀보다는 넓지 않다고 느껴질 수 있음,100
347,웨딩여율리,None,"72,000원",None,None,None,None,"대관료 350만원, 인원과 견적 변동 가능",None,None,200
348,대전 bmk웨딩홀,"5층 어두운 홀, 로비가 크고 단독홀","패키지+생화 480, 식대 5.5",None,기차역 도보 5분,None,None,"패키지+생화 412, 식대 5.2",None,"내년 여름 리모델링 예정, 조감도 없이 계약",250
349,더링크호텔 베일리홀,"웅장한 공간감, 층고 7m, 화이트+그린 조합의 화려한 꽃 장식","13만원, 음식 맛있음",None,None,넓고 편안한 하늘색 꽃 장식의 신부대기실,None,"2500만원, 비싼 편이나 그만한 가치가 있음","분수 소리, 향기, 연주 등 분위기 좋음","비용이 비쌈, 촬영 시 색감 차이 우려",200
350,의정부 더 마리포사,"고급스러운 호텔식 느낌, 어두운 톤에 조명 포인트, 긴 버진로드",None,None,None,None,프라이빗 예식에 적합,None,단독홀 운영으로 프라이빗한 예식 가능,실제 공간을 보지 못한 점,None
351,서울대 연구공원 웨딩홀,"리뉴얼된 예쁜 홀, 연회장 넓음","식대 65,000원, 뷔페식으로 종류 많고 맛있음",별도 건물 주차장,None,리뉴얼되어 더 예뻐짐,None,"총금액 20,750,000원, 보증 250명",None,예식장 홀이 200석으로 작음,250
352,인천 엘마리노,None,"77,000원",None,None,None,None,"대관료 720만원, 변동 가능성 있음",None,None,200
353,영등포 더컨벤션,None,9만원,None,None,None,None,"대관료 940만원, 식대 9만원",None,None,200
354,강남 그랜드머큐어 임피리얼팰리스,"유럽 궁전 무도회장 같은 압도적인 분위기, 앤티크한 느낌","정가 식대 15만원, 할인가 14.25만원, 괜찮은 코스 구성",준수한 주차 환경이나 안내가 어려움,None,신부대기실 위치가 특이하고 복도가 좁아 드레스 이동 불편,단독 로비 사용으로 하객 동선 간결,"대관료 770만원, 꽃장식 1500만원",식 간격이 6시간으로 여유로움,"주차 안내 어려움, 화장실 노후화, 신부대기실 위치 특이, 개인적 향기 불만족",250
355,지타워컨벤션,None,"79,000원",None,None,None,None,"대관료 700만원, 식대 79,000원",None,None,200
356,강동 루벨,"밝은 분위기, 탁 트인 서울 전경",정가식대 9만원,주차 편리,None,아담한 신부대기실,로비가 어수선하지 않음,대관료 900만원,상담 담당자가 꼼꼼하게 설명,None,270
357,여의도 웨딩여율리,"생화로 장식된 예쁜 홀, 천고는 낮음","대인 95,000원, 소인 45,000원, 음주류 7,000원, 대관료 11,000,000원","옆 빌딩에 추가 주차 가능, 주차 편리","여의도에 위치, 주말에 도로가 한산",None,None,"잔여타임 이벤트로 할인, 가격 메리트 있음",상담이 꼼꼼하고 홀 투어 시 실제 예식 확인 가능,천고가 낮고 기계식 플라워가 아닌 점,200
358,부천 라비에벨,이쁜 홀,"정가 6만원, 할인가 5만9천원",세이브존 건물 주차 혼잡 우려,None,None,None,"대관료 600만원, 200명 기준",상담 실장님 친절,"사진작가에 대한 불안, 주차 혼잡 우려",200
359,부천 라비에벨,아주 넓은 단독홀,"대관료 600만원, 식대 6만5천원",주차공간이 부족함,None,None,바로 뷔페와 연결된 동선,합리적인 가격으로 계약 가능,"기본 서비스와 패키지 포함, 직원 응대 훌륭함","주차공간 부족, 예식 시간 겹침",200
360,안양 더파티움,None,"82,000원",None,None,None,None,"대관료 860만원, 식대 82,000원",None,None,200
361,동촌 노비아갈라,"화려하고 밝은 홀, 샹들리에와 꽃이 잘 어울림","식대 51,000원, 할인 적용",동촌 홈플러스 주차장 포함 500-600대 주차 가능,None,신부대기실 화려함,연회장 넉넉하게 이용 가능,"대관료 50만원, 식대 할인 적용",None,"뷔페 음식에 대한 걱정, 주차 공간 감소",200
362,여의도 더파티움 파티움홀,"밝은 홀, 생화 향기가 느껴지는 쾌적한 분위기","식대 121,000원, 세미뷔페 구성, 음식 맛있음","넓은 주차공간, 주차요원 다수 배치","여의도에 위치, 교통 편리",매우 큰 신부대기실,None,"홀 715만원, 꽃 750만원, 포토 175만원",상담실 깔끔하고 친절한 응대,None,200
363,가양 루이비스,"층고 8m, 꽃이 많은 홀, 생화 8 : 조화 2 비율","식대 88,000원",주차 중요시,None,None,None,"대관료 12,000,000원, 할인가 7만원대, 5백만원대",상담이 어수선하고 위치 변경,공사중인 현장만 보고 계약하는 것에 대한 걱정,200
364,서울웨딩타워,"높은 층고와 고급스러운 분위기, 단독홀","대관료 950만원, 식사가 맛있고 양이 충분함","2000대 주차 가능, 주차 대란 없음",수서역과 가까워 대중교통 편리,None,"동시예식 없음, 덜 복잡함","대관료 950만원, 가격 정보는 운영진에게만 공개","하객 만족도가 높음, 신랑과 하객들이 모두 긍정적인 반응",None,260
365,신도림 더세인트 그랜드볼룸홀,"고급스럽고 넓은 홀, 보라색 꽃 장식, 어두운 홀","식대 13만원, 동시 예식이지만 맛있기로 유명, 특히 국수 존맛","1,700대 수용 가능, 혼주 6시간, 하객 4시간 무료","신도림역(1,2호선) 지하로 연결, 우천 시에도 편리","신부대기실과 홀, 로비가 한 눈에 들어와 동선 좋음",간결함,"대관료 27,150,000원",엘리베이터 고급지고 화장실 깔끔함,"현대백화점 폐점 이슈로 휑한 느낌, 동시 예식으로 인원수 제약 예상",300
366,부천 채림 웨딩홀,"단정하면서도 적당히 화려한 분위기, 버진로드가 길어 입장 연출이 예쁨","정가 6만원, 할인가 5만2천원, 가성비 좋음",철근식 구조로 하객 주차 불편 우려,부천 지역에서 접근성 좋음,None,예식 동선이 깔끔함,"정가 450만원, 할인가 280만원, 가성비 우수","상담 시 친절한 응대, 견적 구성이 명확함","옛날 인테리어 흔적, 연회장 분위기가 일반 식당 느낌",150
367,부천 MJ컨벤션 5층 그랜드볼룸홀,"층고가 높고 탁 트인 느낌, 조명과 무대 연출이 고급스러움","정가 68,000원, 할인가 61,000원, 식사가 맛있다는 후기 많음",주차가 넉넉함,None,혼주 메이크업과 하객 동선이 복잡하지 않음,간결함,"정가 610만원, 할인가 540만원, 전체 예산에 부담 덜어줌",None,인기 있는 곳이라 예약이 어렵고 보증 인원도 낮지 않음,200
368,인천 부평 그레이스파티,"어두운 홀, 화려한 조명과 샹들리에, 깔끔하고 단아한 느낌의 생화 장식","대관료 800만원, 식대 85,000원, 음식 가짓수 많음",None,"부평역 내에 위치, 대중교통 접근 용이",신부 입장 시 층고가 높고 커튼으로 집중도 상승,"단독홀로 하객 혼잡 없음, 넓은 대기 공간",None,매니저의 친절한 안내와 편의 제공,"건물 외관 아쉬움, 혼잡도 우려",200
369,인천 부평 그레이스 파티,"어두운 홀, 화려한 조명, 고급진 화려함",맛있기로 유명함,넉넉한 주차 공간,"부평역사 내 위치, 대중교통 접근 용이",신부 대기실에서 웨딩홀로 바로 입장 가능,"여유로운 단독홀, 하객 동선 걱정 없음",업체 문의,None,None,200
370,공덕 아펠가모,"밝은 채플식 홀, 층고가 높아 답답함 없음","대관료 1000만원, 식대 10만원, 식사 퀄리티 보장",주차 대수가 넉넉함,"4개의 역이 교차하는 역세권, 대중교통 편리",로비가 깔끔하고 일자로 되어 있어 하객 섞일 걱정 없음,간결함,"대관료 600~700만원대, 식대 76,000",주류에 와인 포함,보증 인원 300명에 비해 홀이 작은 편,300
371,서울특별시 송파구 백제고분로 128 BS타워 6층 라브르 에드니아,"천고 12m, 버진로드 28m, 자연채광의 화이트한 컨셉","정가 15만원, 할인가 11만원, 오픈프로모션 500만원 할인","건물 150대 주차 가능, 발렛 서비스 제공",None,None,None,"홀 대관료 2,500만원, 할인가 1,600만원, 합리적임",상담 시 프로페셔널한 설명으로 만족스러운 경험,"조감도와 실물이 다를까 걱정, 주차 불편 우려",300
372,논현 더채플앳 라메르홀,"넓고 고요한 느낌, 천장이 높고 햇살이 잘 들어오는 예쁜 분위기","정가 식대 12만원, 할인가 식대 8.58만원, 음식 가짓수 많고 퀄리티 좋음","발렛파킹 가능, 내부주차 가능",None,None,하객들이 서있을 공간이 많지 않음,"대관료 1200만원, 총견적 약 3000만원으로 괜찮음","플라워샤워와 남성 4중창 제공, 당일계약 5% 할인 혜택","라메르홀에서 퀴퀴한 냄새가 남, 강남 주차 문제",280
373,공덕 아펠가모 라로브홀,"차분하고 클래식한 분위기, 세련된 원목색, 채광이 좋은 홀","정가 10만원, 할인가 7.6만원, 음식 맛있고 주류 무제한","내외부 주차장 이용 가능, 하객 무료주차 2시간","공덕역 도보 1분, 4개 지하철 노선 이용 가능",None,"복잡하지 않음, 하객과의 동선이 섞일 가능성 있음","정가 100만원, 할인가 76만원, 전반적으로 합리적",직원들이 음식을 신경 써서 채워줌,"로비가 넓지 않음, 장의자 불편할 수 있음, 단독 웨딩홀이 아님",250
374,송파 라비니움,None,"식대 83,000원, 대관료 950만원",천호역 공용주차장 이용,천호역 10번 출구 바로 앞,None,웨딩홀 직원이 하객 안내,"식대 83,000원, 대관료 950만원",None,개인 차량 하객의 주차 문제,200
375,부천 소풍컨벤션,"넓고 깨끗한 로비, 리뉴얼된 신부대기실","600만원, 6.5만원 (정가 기준)",주차 공간 부족에 대한 우려,None,리뉴얼된 신부대기실,None,가격 차이가 있어 아쉬움,"친절한 예약 실장님과 직원들, 컴플레인에 대한 개선 노력",주차 문제에 대한 걱정,200
376,신라호텔 다이너스티,고급스럽고 품격 있는 분위기,"20만원대, 샴페인, 와인, 기본무대장식 포함",None,None,None,None,"1.1억, 추가금이 우려됨",지배인님의 따뜻한 안내와 다양한 날짜 제안,"무서운 추가금, 최종 금액에 대한 걱정",300
377,이천 빌라드아모르 웨딩홀,"밝고 교회 분위기, 자연광이 잘 들어오는 홀","식대 53,000원, 당일 계약으로 5만원 할인, 170가지 음식과 디저트 제공",주차장 넓음,None,"넓고 밝은 신부 대기실, 쾌적한 느낌",식장 앞쪽 공간이 좁아 번잡할 수 있음,"대관료 370만원부터 시작, 보증인원 200명",None,버진로드와 하객석 간격이 가까워 긴장될 수 있음,200
378,선정릉>더 라움>체임버홀,"고풍스럽고 웅장한 분위기, 층고 9.5m로 높음","식대 12만 4천원, 코스가 탄탄함","300대 주차 가능, 외부 주차장 있음","선정릉역에서 도보 5분, 언주역과 가까움",None,None,"대관료 3000만원, 식대 할인 없음",상견례 겸 시식 가능,None,300
379,지하철역 근처 웨딩여율리,"작은 편이지만 조명이 예뻐서 사진이 잘 나옴, 생화장식으로 향기가 좋음","대인 95,000원, 소인 45,000원, 음료&주류 7,000원, 와인 7,000원, 기본구성 11,000,000원",주차가 넉넉한 편,지하철역과 가까움,생화장식으로 예쁘고 향기가 좋음,하객이 많을 경우 번잡할 수 있음,잔여타임 임박 할인으로 계약,가족 원판사진을 미리 찍을 수 있는 별도 공간 제공,식 간격이 70분으로 바쁘게 진행될 것 같음,200
380,서울 강남 아르베 웨딩,"밝고 화사한 하우스웨딩 무드, 꽃으로 장식된 공간","정가 식대 89,000원, 대관료 950만원; 할인 식대 85,000원, 대관료 890만원",None,"9호선 언주역과 선정릉역 사이, 더블 역세권",화이트+핑크톤 플라워와 샹들리에로 밝고 화사한 분위기,동선이 매우 편리함,"대관료 950만원, 식대 89,000원; 합리적인 가격으로 보임",혼주에게 VIP룸에서 한상 차림 제공,None,None
381,강서 루이비스,"밝은 홀, 층고가 높아 답답함 없음","8.8만원, 맛있다는 후기가 많음",None,가양역 9번 출구에서 도보 약 1분 거리,신부대기실과 홀 동선이 깔끔함,하객 이동이 편리함,"1200만원, 저렴한 가격에 높은 퀄리티",담당자가 친절하게 안내,조감도라 걱정됨,200
382,여율리,"꽃냄새가 나는 홀, 천장이 낮지만 답답하지 않음","식대 95,000원, 음식이 맛있어 보임",주차가 맘에 듦,적당한 위치,사진찍는 공간이 맘에 듦,None,"대관료 1,100만원",상담 진행이 친절함,노총 건물 안에 위치,200
383,강남 메종드 아나하,"단독홀, 넓은 공간과 개방감, 선큰 보이드로 막힌 느낌 없음","대관료 900만원, 식대 9.3만원, 합리적 가격","신라스테이와 같은 건물 주차, 피크시간에도 주차 공간 부족 없음","역삼역 도보 8분, 파란색 버스 정차, 정기 셔틀 10분 간격","신부대기실 내 화장실, 홀과 독립적으로 바로 연결","혼주 관련 시설, 하객 공간, 식장, 홀 모두 한층에 위치해 간결함",대관료와 식대가 규모와 위치에 비해 합리적,None,"홀 크기가 작아 150명 이상 시 좁아 보일 수 있음, 식간격 90분",200
384,신사 더컨벤션,"어두운 홀, 층고 10m 이상, 좌석 간격 넓음","식대 8.9만원, 대관료 850만원",None,차량 이동 외 접근성 낮음,None,"200명 수용 가능, 간격 넓음","대관료 850만원, 보증인원 내 답례품 포함",혼주분들의 부담을 줄여주려는 배려,하부 공실로 웰커밍한 분위기 떨어짐,250
385,안양 더파티움,"어두운 편의 홀, 중앙 집중 구조로 신랑신부에게 시선이 향함","95,000원, 음식 만족도가 높음","본건물 주차장 외에 이마트 평촌점, 하이파킹, 네온테크 등 총 네 곳 이용 가능","평촌역 바로 앞, 접근성 좋음","화사하고 밝은 느낌, 넓은 공간과 테라스 공간 제공",간결함,"대관료 16,000,000원, 가격에 대한 언급 없음","당일 계약 시 예쁜 꽃 선물 제공, 혼주 메이크업 후기 좋음",None,200
386,부천 라비에벨 웨딩,"넓고 층고가 높은 단독홀, 답답하지 않고 확 트인 분위기","72,000원, 뷔페 음식 다양함",None,None,"신랑, 신부 입장하는 곳이 다름",이동 동선이 편리함,"890만원, 합리적인 가격","친절한 상담, 매끄러운 진행",세이브존 건물 외관 및 엘리베이터 혼잡 가능성,200
387,라뷔포레,None,"75,000원",None,None,None,None,"대관료 380만원, 변동 가능성 있음",None,None,200
388,문래 규수당,"단독홀, 화이트/핑크 정석 느낌, 동선이 매우 좋음","6.5만원, 정가 580만원, 할인가 5.5만원, 320만원",None,문래역 도보 5-7분 거리,신부대기실과 연회장이 한 층에 있어 편리함,동선이 매우 좋음,"가성비 좋은 베뉴, 잔여타임으로 가격이 저렴함","상담예약이 힘든 곳, 당일계약 강요 없음","잔여타임으로 인해 컨시어지, 플라워샤워, 포토부스 이용 불가",100명부터 원하는 만큼 설정 가능
389,파티움하우스,None,"59,000원",None,None,None,None,"대관료 320만원, 변동 가능성 있음",None,None,200
390,수원 라 뷔포레 (구 호텔리츠),"웨딩홀 전체를 식장으로 쓰는 느낌, 혼잡하지 않음","76,000원, 음식이 깨끗하고 관리가 잘됨",None,None,None,인사하러 다닐 때 다른 하객이 없을 것 같음,760만원,"직원들이 친절하고 전문적임, 체계적인 서비스 제공","예약이 어려움, 전화로 피켓팅해야 함",200
391,인천 엘마리노,None,"대관료 1200만원, 식대 9만원",None,None,None,None,"대관료 1200만원, 식대 9만원",매니저님의 자신감과 조감도에 대한 긍정적인 평가,직접 보지 못한 아쉬움,None
392,더루체웨딩홀,층고가 높고 따뜻한 노랑-우드 느낌,"6만 8천원, 대관료 580만원",None,None,홀과 신부대기실이 같은 층에 위치,동선이 편리함,"6만/410만원, 합리적인 가격",None,"유명한 베뉴가 아니라 후기가 적음, 홀 분위기가 원하는 화이트/그린이 아님",200
393,삼성 노블발렌티,None,9만원,None,None,None,None,"대관료 970만원, 식대 9만원",None,None,200
394,강서 라로브홀,"깔끔하고 화려하지 않은 적당한 크기, 사진이 잘 나오는 홀",홈페이지 정찰제,주차장이랑 바로 연결됨,지하철역에서 위치 찾기가 헷갈림,혼주 메이크업실이 있어 부모님들이 편리하게 준비 가능,식사 후 엘레베이터 이동없이 바로 주차장으로 연결됨,홈페이지 정찰제,None,"뚜벅이로 올 때 위치 찾기 어려움, 주말 상권과 겹칠 수 있음",200
395,서울 신림 그레이스파티,"고급스럽고 넓은 홀, 높은 층고, 여유로운 분위기","대관료 955만원, 식대 8만원, 해산물 신선하고 다양한 메뉴",자체 주차장 있음,"대중교통 이용 시 셔틀버스 5분 소요, 버스 자주 운행",넓고 꽃향기가 가득한 신부대기실,동선 편리하고 로비 넓음,"대관료 750만원, 식대 7.8만원",None,대중교통 이용 시 셔틀 이용 번거로움,None
396,강남 베스트웨스턴프리미어,"올드한 느낌이 있는 공간, 야외 웨딩 느낌 가능","대관료 4,500,000원, 식대 72,000원~ (뷔페)","기계식 주차, 다소 아쉬움","언주역과 신논현역 사이, 접근성 좋음",None,"100명 이하일 경우 좋음, 150명 초과 시 북적일 것 같음","현장 계약 할인으로 대관료 4,500,000원, 합리적","직원 친절, 당일 안내 잘 될 것 같음","올드한 느낌, 인조 잔디, 뒤 건물 아쉬움",100
397,더 라움 – 마제스틱볼룸,"넓고 탁 트인 공간감, 단독 예식으로 하객들이 번잡하게 섞이지 않음","식대 12만 4천원, 코스로 식사 가능",내부 300대 + 외부 주차 가능,None,None,간결함,"대관료 3000만원, 성수기와 비성수기 가격 차이 없음",None,할인 더 받으면 좋겠음,300
398,cn웨딩홀 계산,None,6.5만원,None,None,None,None,"대관료 500만원, 식대 6.5만원",None,None,200
399,삼성 노블발렌티,"고급스러운 외관과 프라이빗한 하우스웨딩 느낌, 밝은 채플홀, 천고 10m","10만원, 코스요리로 대접받는 느낌","100대 주차 가능, 만차 시 제2주차장 이용 가능","봉은사역 도보 5분, 9호선 급행 접근성 좋음",None,2층과 3층으로 구분되어 혼잡하지 않음,"대관료 1,300만원, 합리적인 가격","상담 친절, 계약 후 고급스러운 분위기에 반함","제2주차장 이용 시 불편할 수 있음, 코스요리에 호불호가 갈릴 수 있음",250
400,더링크,"화사하고 고급스러운 분위기, 에스컬레이터로 접근 가능","정가 식대 13만원, 할인가 10.5만원",None,None,신부대기실이 가장 예뻤음,식사 공간이 작고 복작거림,대관료 850만원,친절한 상담과 자세한 설명,식사 공간이 작고 정신없어 보임,200
401,삼성 노블발렌티,None,"93,000원",None,None,None,None,"대관료 1,030만원, 인원과 견적 변동 가능성 있음",None,None,300
402,천안티웨딩홀,"단층 구조로 편리한 동선, 3개의 아름다운 홀","정가 식대 68,000원, 할인가 56,000원, 음식 맛과 다양성 좋음",넓은 주차장,"천안목천IC 인근, 대중교통 불편 (셔틀은 천안터미널, 천안역만 운행)",신부대기실 화장실 없음,하객 몰림 우려,"대관료 2,000,000원, 합리적인 가격",None,"피크시간 하객 몰림, 대중교통 불편, 신부대기실 화장실 없음",150
403,논현 더채플앳 라메르홀,"아늑한 느낌의 천장 구조물, 따뜻한 대리석과 우드톤 로비",12만원,"주차 혼잡 예상, 발렛 서비스 필요할 수 있음",지하철 역에서 도보 5~7분 이내,None,하객 동선이 혼잡하지 않을 것 같음,"대관료 1,200만원, 웨딩페어 기간 추가 할인",송 매니저님이 친절하고 꼼꼼하게 설명,강남 지역 주차 혼잡 우려,250
404,임피리얼 팰리스 그랜드 머큐어,"앤틱한 인테리어와 여유로운 로비, 차분한 분위기","정가식대 150,000원, 할인가식대 142,500원",None,None,None,여유로운 예식간격,"대관료 35,200,000원, 할인가 7,700,000원, 기본 장식 15,000,000원",크리스마스 장식이 매력적,후기가 적고 인테리어 호불호가 있음,250
405,CN계산,"전체적으로 밝고 화사한 분위기, 깨끗하고 은은한 조명","뷔페, 맛있다는 후기가 많음","800대 주차 가능, 피크 타임 혼잡 가능성 있음",None,"넓고 예쁜 신부대기실, 동선 편리",하객 동선이 잘 설계되어 있어 편리함,"대관료 880만원, 합리적인 가격으로 보임",None,"연회장이 지하 1층으로 엘리베이터 혼잡 우려, 주차비 무료는 2시간까지",250
406,삼성 노블발렌티,"높은 천고와 개방감 있는 단독홀, 여유로운 공간","식대 10만원, 코스요리 방식",None,"강남권, 1층과 5층 모두 여유 있는 공간",넓고 개방적인 신부대기실,동선이 단순하고 하객 이동이 편리함,대관료 1300만원,120분 단독홀 운영으로 촬영 동선 매끄러움,코스요리의 빠른 템포에 대한 우려,300
407,성동구 H스퀘어 웨딩홀(한양대 동문회관),"깔끔하고 단아한 분위기, 채플 형식의 예식장, 조명 조절 가능","식대 68,000원, 갈비탕 메뉴로 하객 만족도 높음",None,"한양대역 도보 5분, 왕십리역 도보 10분","6층과 7층에 신부대기실, 7층이 더 크고 화려함",단독홀로 하객 동선 간결,"대관료 750만원, 동문혜택으로 할인된 450만원","동문혜택으로 식대 할인, 무료 DVD 서비스, 포토테이블 등 제공",11월 성수기로 보증인원 조정 불가,250
408,여의도 조선팰리스,"깔끔한 동선과 높은 층고, 아름다운 홀 분위기","정가 20만원, 할인가 18만원",None,전용 엘리베이터로 원웨이 동선,신부대기실과 홀 간의 동선이 깔끔함,복잡하지 않음,"대관료 660만원, 할인가 440만원, 추가금 옵션 있음",웰컴드링크 무상제공,추가금 옵션에 대한 방어 필요,200
409,삼성 노블발렌티,None,"85,000원",None,None,None,None,"대관료 890만원, 변동 가능성 있음",None,None,200
410,드레스가든,None,"1인 식대 12만원, 식사 양이 작다는 후기가 많음",None,None,None,None,"총 5,368만원, 대관료 1,600만원",소인 식대가 따로 없음,식사 양이 너무 작음,200
411,선릉 아펠가모,"경건한 느낌의 채플식 홀, 층고 높음, 생화 장식","대관료 1,000만원, 식대 10만원, 밥펠가모로 유명, 다양한 음식 구성","350대 주차 가능, 혼주차량 6대, 웨딩카 주차 가능",선릉역 4번 출구에서 도보 5분,"생화 장식, 별도의 신부 화장실",단독홀로 하객 섞임 없음,"대관료 770만원, 식대 83,600원, 투명한 가격 시스템",전문 사회자와 4중창 포함,"화환 반입 불가, 리본만 가능",250
